product_item_id,product_sku_id,sku,title,stock_status,price,regular_price,b2b_price
1001,1,CF1AEF5F6D25,Turbina Audi A1 1.2 TFSI CBZA 86 CP - Turbina reconditionata 03f145701k,In stock,1500.0,1500.0,1200.0
1002,2,04L253010B,Turbina AUDI A3 2.0 TDI 110 CP - Recondiţionată,In stock,,,
1003,2,04L253010B,Turbina AUDI A3 2.0 TDI 100 CP - Recondiţionată,In stock,,,
1004,2,04L253010B,Turbina AUDI A3 2.0 TDI quattro 110 CP - Recondiţionată,In stock,,,
1005,2,04L253010B,Turbina AUDI ASeria 3 Cabrio 2.0 TDI 110 CP - Recondiţionată,In stock,,,
1006,2,04L253010B,Turbina AUDI ASeria 3 Cabrio 2.0 TDI 100 CP - Recondiţionată,In stock,,,
1007,2,04L253010B,Turbina AUDI ASeria 3 Cabrio 2.0 TDI quattro 110 CP - Recondiţionată,In stock,,,
1008,2,04L253010B,Turbina AUDI A3 Limousine 2.0 TDI quattro 110 CP - Recondiţionată,In stock,,,
1009,2,04L253010B,Turbina AUDI A3 Limousine 35 TDI 110 CP - Recondiţionată,In stock,,,
1010,2,04L253010B,Turbina AUDI A3 Limousine 2.0 TDI 100 CP - Recondiţionată,In stock,,,
1011,2,04L253010B,Turbina AUDI A3 Limousine 2.0 TDI 110 CP - Recondiţionată,In stock,,,
1012,2,04L253010B,Turbina AUDI A3 Sportback 2.0 TDI quattro 110 CP - Recondiţionată,In stock,,,
1013,2,04L253010B,Turbina AUDI A3 Sportback 2.0 TDI 110 CP - Recondiţionată,In stock,,,
1014,2,04L253010B,Turbina AUDI A3 Sportback 35 TDI 110 CP - Recondiţionată,In stock,,,
1015,2,04L253010B,Turbina AUDI A3 Sportback 2.0 TDI 100 CP - Recondiţionată,In stock,,,
1016,2,04L253010B,Turbina AUDI Q2 2.0 TDI quattro 110 CP - Recondiţionată,In stock,,,
1017,2,04L253010B,Turbina AUDI Q2 2.0 TDI 110 CP - Recondiţionată,In stock,,,
1018,2,04L253010B,Turbina AUDI Q2 35 TDI 110 CP - Recondiţionată,In stock,,,
1019,2,04L253010B,Turbina AUDI Q2 35 TDI quattro 110 CP - Recondiţionată,In stock,,,
1020,2,04L253010B,Turbina AUDI Q3 2.0 TDI 100 CP - Recondiţionată,In stock,,,
1021,2,04L253010B,Turbina AUDI Q3 2.0 TDI 110 CP - Recondiţionată,In stock,,,
1022,2,04L253010B,Turbina AUDI Q3 2.0 TDI quattro 110 CP - Recondiţionată,In stock,,,
1023,2,04L253010B,Turbina AUDI Q3 2.0 TDI 88 CP - Recondiţionată,In stock,,,
1024,2,04L253010B,Turbina AUDI Q3 35 TDI quattro 110 CP - Recondiţionată,In stock,,,
1025,2,04L253010B,Turbina AUDI Q3 35 TDI 110 CP - Recondiţionată,In stock,,,
1026,2,04L253010B,Turbina AUDI Q3 Sportback 35 TDI 110 CP - Recondiţionată,In stock,,,
1027,2,04L253010B,Turbina AUDI Q3 Sportback 35 TDI quattro 110 CP - Recondiţionată,In stock,,,
1028,2,04L253010B,Turbina SEAT ALHAMBRA 2.0 TDI 4Drive 110 CP - Recondiţionată,In stock,,,
1029,2,04L253010B,Turbina SEAT ALHAMBRA 2.0 TDi 4Drive 130 CP - Recondiţionată,In stock,,,
1030,2,04L253010B,Turbina SEAT ALHAMBRA 2.0 TDI 85 CP - Recondiţionată,In stock,,,
1031,2,04L253010B,Turbina SEAT ALHAMBRA 2.0 TDI 110 CP - Recondiţionată,In stock,,,
1032,2,04L253010B,Turbina SEAT ALHAMBRA VAN TDI 4Drive 110 CP - Recondiţionată,In stock,,,
1033,2,04L253010B,Turbina SEAT ALHAMBRA VAN TDI 110 CP - Recondiţionată,In stock,,,
1034,2,04L253010B,Turbina SEAT ATECA 2.0 TDI 4Drive 110 CP - Recondiţionată,In stock,,,
1035,2,04L253010B,Turbina SEAT ATECA 2.0 TDI 105 CP - Recondiţionată,In stock,,,
1036,2,04L253010B,Turbina SEAT ATECA 2.0 TDI 110 CP - Recondiţionată,In stock,,,
1037,2,04L253010B,Turbina SEAT ATECA 2.0 TDI 81 CP - Recondiţionată,In stock,,,
1038,2,04L253010B,Turbina SEAT LEON 2.0 TDI 110 CP - Recondiţionată,In stock,,,
1039,2,04L253010B,Turbina SEAT LEON 2.0 TDI 81 CP - Recondiţionată,In stock,,,
1040,2,04L253010B,Turbina SEAT LEON SC 2.0 TDI 110 CP - Recondiţionată,In stock,,,
1041,2,04L253010B,Turbina SEAT LEON ST 2.0 TDI 110 CP - Recondiţionată,In stock,,,
1042,2,04L253010B,Turbina SEAT LEON ST 2.0 TDI 81 CP - Recondiţionată,In stock,,,
1043,2,04L253010B,Turbina SEAT LEON ST 2.0 TDI 4Drive 110 CP - Recondiţionată,In stock,,,
1044,2,04L253010B,Turbina SEAT TARRACO 2.0 TDI 4Drive 110 CP - Recondiţionată,In stock,,,
1045,2,04L253010B,Turbina SEAT TARRACO 2.0 TDI 110 CP - Recondiţionată,In stock,,,
1046,2,04L253010B,Turbina SKODA KAROQ 2.0 TDI 110 CP - Recondiţionată,In stock,,,
1047,2,04L253010B,Turbina SKODA KAROQ 2.0 TDI 4x4 110 CP - Recondiţionată,In stock,,,
1048,2,04L253010B,Turbina SKODA KODIAQ I 2.0 TDI 4x4 110 CP - Recondiţionată,In stock,,,
1049,2,04L253010B,Turbina SKODA KODIAQ I 2.0 TDI 110 CP - Recondiţionată,In stock,,,
1050,2,04L253010B,Turbina SKODA OCTAVIA III 2.0 TDI 4x4 110 CP - Recondiţionată,In stock,,,
1051,2,04L253010B,Turbina SKODA OCTAVIA III 2.0 TDI 110 CP - Recondiţionată,In stock,,,
1052,2,04L253010B,Turbina SKODA OCTAVIA III Combi 2.0 TDI 110 CP - Recondiţionată,In stock,,,
1053,2,04L253010B,Turbina SKODA OCTAVIA III Combi 2.0 TDI 4x4 110 CP - Recondiţionată,In stock,,,
1054,2,04L253010B,Turbina SKODA SUPERB III 2.0 TDI 4x4 110 CP - Recondiţionată,In stock,,,
1055,2,04L253010B,Turbina SKODA SUPERB III 2.0 TDI 110 CP - Recondiţionată,In stock,,,
1056,2,04L253010B,Turbina SKODA SUPERB III Estate 2.0 TDI 4x4 110 CP - Recondiţionată,In stock,,,
1057,2,04L253010B,Turbina SKODA SUPERB III Estate 2.0 TDI 110 CP - Recondiţionată,In stock,,,
1058,2,04L253010B,Turbina VW ARTEON 2.0 TDI 110 CP - Recondiţionată,In stock,,,
1059,2,04L253010B,Turbina VW ARTEON SHOOTING BRAKE 2.0 TDI 4motion 140 CP - Recondiţionată,In stock,,,
1060,2,04L253010B,Turbina VW GOLF ALLTRACK VII Variant 2.0 TDI 4motion 110 CP - Recondiţionată,In stock,,,
1061,2,04L253010B,Turbina VW GOLF SPORTSVAN VII 2.0 TDI 81 CP - Recondiţionată,In stock,,,
1062,2,04L253010B,Turbina VW GOLF SPORTSVAN VII 2.0 TDI 110 CP - Recondiţionată,In stock,,,
1063,2,04L253010B,Turbina VW GOLF VAN VII Variant 2.0 TDi 110 CP - Recondiţionată,In stock,,,
1064,2,04L253010B,Turbina VW GOLF VAN VII Variant 2.0 TDi 4motion 110 CP - Recondiţionată,In stock,,,
1065,2,04L253010B,Turbina VW GOLF VII 2.0 TDI 81 CP - Recondiţionată,In stock,,,
1066,2,04L253010B,Turbina VW GOLF VII 2.0 TDI 110 CP - Recondiţionată,In stock,,,
1067,2,04L253010B,Turbina VW GOLF VII 2.0 TDI 4motion 110 CP - Recondiţionată,In stock,,,
1068,2,04L253010B,Turbina VW GOLF VII Van 2.0 TDi 4motion 110 CP - Recondiţionată,In stock,,,
1069,2,04L253010B,Turbina VW GOLF VII Variant 2.0 TDI 81 CP - Recondiţionată,In stock,,,
1070,2,04L253010B,Turbina VW GOLF VII Variant 2.0 TDI 4motion 110 CP - Recondiţionată,In stock,,,
1071,2,04L253010B,Turbina VW GOLF VII Variant 2.0 TDI 110 CP - Recondiţionată,In stock,,,
1072,2,04L253010B,Turbina VW PASSAT ALLTRACK B8 Variant 2.0 TDI 4motion 110 CP - Recondiţionată,In stock,,,
1073,2,04L253010B,Turbina VW PASSAT B8 2.0 TDI 110 CP - Recondiţionată,In stock,,,
1074,2,04L253010B,Turbina VW PASSAT B8 2.0 TDI 4motion 110 CP - Recondiţionată,In stock,,,
1075,2,04L253010B,Turbina VW PASSAT B8 Variant 2.0 TDI 110 CP - Recondiţionată,In stock,,,
1076,2,04L253010B,Turbina VW PASSAT B8 Variant 2.0 TDI 4motion 110 CP - Recondiţionată,In stock,,,
1077,2,04L253010B,Turbina VW SHARAN 2.0 TDI 110 CP - Recondiţionată,In stock,,,
1078,2,04L253010B,Turbina VW SHARAN 2.0 TDI 4motion 110 CP - Recondiţionată,In stock,,,
1079,2,04L253010B,Turbina VW SHARAN 2.0 TDI 85 CP - Recondiţionată,In stock,,,
1080,2,04L253010B,Turbina VW T-ROC 2.0 TDI 110 CP - Recondiţionată,In stock,,,
1081,2,04L253010B,Turbina VW T-ROC 2.0 TDI 4motion 110 CP - Recondiţionată,In stock,,,
1082,2,04L253010B,Turbina VW TIGUAN 2.0 TDI 4motion 110 CP - Recondiţionată,In stock,,,
1083,2,04L253010B,Turbina VW TIGUAN 2.0 TDI 110 CP - Recondiţionată,In stock,,,
1084,2,04L253010B,Turbina VW TIGUAN 2.0 TDI 81 CP - Recondiţionată,In stock,,,
1085,2,04L253010B,Turbina VW TIGUAN 2.0 TDI 110 CP - Recondiţionată,In stock,,,
1086,2,04L253010B,Turbina VW TIGUAN 2.0 TDI 85 CP - Recondiţionată,In stock,,,
1087,2,04L253010B,Turbina VW TIGUAN 2.0 TDI 4motion 110 CP - Recondiţionată,In stock,,,
1088,2,04L253010B,Turbina VW TIGUAN 2.0 TDI 81 CP - Recondiţionată,In stock,,,
1089,2,04L253010B,Turbina VW TIGUAN ALLSPACE 2.0 TDI 4motion 110 CP - Recondiţionată,In stock,,,
1090,2,04L253010B,Turbina VW TIGUAN ALLSPACE 2.0 TDI 110 CP - Recondiţionată,In stock,,,
1091,2,04L253010B,Turbina VW TOURAN 2.0 TDI 85 CP - Recondiţionată,In stock,,,
1092,2,04L253010B,Turbina VW TOURAN 2.0 TDI 110 CP - Recondiţionată,In stock,,,
1093,2,04L253010B,Turbina VW TOURAN 2.0 TDI 81 CP - Recondiţionată,In stock,,,
1094,3,11657790326,Turbina BMW Seria 3 330 d 150 CP - Recondiţionată,In stock,,,
1095,3,11657790326,Turbina BMW Seria 3 330 xd 150 CP - Recondiţionată,In stock,,,
1096,3,11657790326,Turbina BMW Seria 3 Cabrio 330 Cd 150 CP - Recondiţionată,In stock,,,
1097,3,11657790326,Turbina BMW Seria 3 Coupe 330 Cd 150 CP - Recondiţionată,In stock,,,
1098,3,11657790326,Turbina BMW Seria 3 Break 330 xd 150 CP - Recondiţionată,In stock,,,
1099,3,11657790326,Turbina BMW Seria 3 Break 330 d 150 CP - Recondiţionată,In stock,,,
1100,3,11657790326,Turbina BMW X3 3.0 d 150 CP - Recondiţionată,In stock,,,
1101,4,0375J3,Turbina CITROEN BERLINGO Box Body/MPV 1.6 HDi 90 16V 66 CP - Recondiţionată,In stock,,,
1102,4,0375J3,Turbina CITROEN BERLINGO Box Body/MPV 1.6 HDi 110 80 CP - Recondiţionată,In stock,,,
1103,4,0375J3,Turbina CITROEN BERLINGO MULTISPACE 1.6 HDi 110 80 CP - Recondiţionată,In stock,,,
1104,4,0375J3,Turbina CITROEN BERLINGO MULTISPACE 1.6 HDi 90 66 CP - Recondiţionată,In stock,,,
1105,4,0375J3,Turbina CITROEN C2 1.6 HDi 80 CP - Recondiţionată,In stock,,,
1106,4,0375J3,Turbina CITROEN C3 I 1.6 16V HDi 80 CP - Recondiţionată,In stock,,,
1107,4,0375J3,Turbina CITROEN C3 PICASSO 1.6 HDi 80 CP - Recondiţionată,In stock,,,
1108,4,0375J3,Turbina CITROEN C4 Coupe 1.6 HDi 80 CP - Recondiţionată,In stock,,,
1109,4,0375J3,Turbina CITROEN C4 Coupe 1.6 HDi 66 CP - Recondiţionată,In stock,,,
1110,4,0375J3,Turbina CITROEN C4 GRAND PICASSO I 1.6 HDi 80 CP - Recondiţionată,In stock,,,
1111,4,0375J3,Turbina CITROEN C4 I 1.6 HDi 80 CP - Recondiţionată,In stock,,,
1112,4,0375J3,Turbina CITROEN C4 I 1.6 HDi 85 CP - Recondiţionată,In stock,,,
1113,4,0375J3,Turbina CITROEN C4 I 1.6 HDi 66 CP - Recondiţionată,In stock,,,
1114,4,0375J3,Turbina CITROEN C4 I Saloon 1.6 HDi 80 CP - Recondiţionată,In stock,,,
1115,4,0375J3,Turbina CITROEN C4 I Saloon 1.6 HDi 85 CP - Recondiţionată,In stock,,,
1116,4,0375J3,Turbina CITROEN C4 PICASSO I MPV 1.6 HDi 80 CP - Recondiţionată,In stock,,,
1117,4,0375J3,Turbina CITROEN C5 II 1.6 HDi 80 CP - Recondiţionată,In stock,,,
1118,4,0375J3,Turbina CITROEN C5 II Break 1.6 HDi 80 CP - Recondiţionată,In stock,,,
1119,4,0375J3,Turbina CITROEN C5 II Estate Van 1.6 HDi 80 CP - Recondiţionată,In stock,,,
1120,4,0375J3,Turbina CITROEN C5 III 1.6 HDi 110 80 CP - Recondiţionată,In stock,,,
1121,4,0375J3,Turbina CITROEN C5 III Break 1.6 HDi 110 80 CP - Recondiţionată,In stock,,,
1122,4,0375J3,Turbina CITROEN XSARA PICASSO 1.6 HDi 80 CP - Recondiţionată,In stock,,,
1123,4,0375J3,Turbina MAZDA 3 1.6 DI Turbo 80 CP - Recondiţionată,In stock,,,
1124,4,0375J3,Turbina MAZDA 3 1.6 MZ-CD 66 CP - Recondiţionată,In stock,,,
1125,4,0375J3,Turbina MAZDA 3 1.6 MZ-CD 80 CP - Recondiţionată,In stock,,,
1126,4,0375J3,Turbina MAZDA 3 Saloon 1.6 DI Turbo 80 CP - Recondiţionată,In stock,,,
1127,4,0375J3,Turbina MAZDA 3 Saloon 1.6 MZR CD 80 CP - Recondiţionată,In stock,,,
1128,4,0375J3,Turbina MINI MINI Cooper D 80 CP - Recondiţionată,In stock,,,
1129,4,0375J3,Turbina MINI MINI One D 66 CP - Recondiţionată,In stock,,,
1130,4,0375J3,Turbina MINI MINI CLUBMAN Cooper D 80 CP - Recondiţionată,In stock,,,
1131,4,0375J3,Turbina PEUGEOT 1007 1.6 HDi 80 CP - Recondiţionată,In stock,,,
1132,4,0375J3,Turbina PEUGEOT 206 CC 1.6 HDi 110 80 CP - Recondiţionată,In stock,,,
1133,4,0375J3,Turbina PEUGEOT 206 Hatchback 1.6 HDi 110 80 CP - Recondiţionată,In stock,,,
1134,4,0375J3,Turbina PEUGEOT 206 SW 1.6 HDi 110 80 CP - Recondiţionată,In stock,,,
1135,4,0375J3,Turbina PEUGEOT 207 1.6 HDi 80 CP - Recondiţionată,In stock,,,
1136,4,0375J3,Turbina PEUGEOT 207 1.6 HDi 66 CP - Recondiţionată,In stock,,,
1137,4,0375J3,Turbina PEUGEOT 207 CC 1.6 HDi 80 CP - Recondiţionată,In stock,,,
1138,4,0375J3,Turbina PEUGEOT 207 Hatchback Van 1.6 HDi 80 CP - Recondiţionată,In stock,,,
1139,4,0375J3,Turbina PEUGEOT 207 Hatchback Van 1.6 HDi 66 CP - Recondiţionată,In stock,,,
1140,4,0375J3,Turbina PEUGEOT 207 SW 1.6 HDi 66 CP - Recondiţionată,In stock,,,
1141,4,0375J3,Turbina PEUGEOT 207 SW 1.6 HDi 80 CP - Recondiţionată,In stock,,,
1142,4,0375J3,Turbina PEUGEOT 207 SW Estate Van 1.6 HDi 80 CP - Recondiţionată,In stock,,,
1143,4,0375J3,Turbina PEUGEOT 3008 I MPV 1.6 HDi 80 CP - Recondiţionată,In stock,,,
1144,4,0375J3,Turbina PEUGEOT 3008 Van HDi 110 80 CP - Recondiţionată,In stock,,,
1145,4,0375J3,Turbina PEUGEOT 307 1.6 HDi 110 80 CP - Recondiţionată,In stock,,,
1146,4,0375J3,Turbina PEUGEOT 307 1.6 HDi 66 CP - Recondiţionată,In stock,,,
1147,4,0375J3,Turbina PEUGEOT 307 Break 1.6 HDi 66 CP - Recondiţionată,In stock,,,
1148,4,0375J3,Turbina PEUGEOT 307 Break 1.6 HDi 110 80 CP - Recondiţionată,In stock,,,
1149,4,0375J3,Turbina PEUGEOT 307 SW 1.6 HDI 110 80 CP - Recondiţionată,In stock,,,
1150,4,0375J3,Turbina PEUGEOT 307 SW 1.6 HDI 90 66 CP - Recondiţionată,In stock,,,
1151,4,0375J3,Turbina PEUGEOT 308 CC 1.6 HDi 82 CP - Recondiţionată,In stock,,,
1152,4,0375J3,Turbina PEUGEOT 308 I 1.6 HDi 80 CP - Recondiţionată,In stock,,,
1153,4,0375J3,Turbina PEUGEOT 308 I 1.6 HDi 66 CP - Recondiţionată,In stock,,,
1154,4,0375J3,Turbina PEUGEOT 308 SW I 1.6 HDi 80 CP - Recondiţionată,In stock,,,
1155,4,0375J3,Turbina PEUGEOT 308 SW I 1.6 HDi 66 CP - Recondiţionată,In stock,,,
1156,4,0375J3,Turbina PEUGEOT 308 SW I Estate Van 1.6 HDi 80 CP - Recondiţionată,In stock,,,
1157,4,0375J3,Turbina PEUGEOT 407 1.6 HDi 110 80 CP - Recondiţionată,In stock,,,
1158,4,0375J3,Turbina PEUGEOT 407 SW 1.6 HDi 110 80 CP - Recondiţionată,In stock,,,
1159,4,0375J3,Turbina PEUGEOT 5008 1.6 HDi 80 CP - Recondiţionată,In stock,,,
1160,4,0375J3,Turbina PEUGEOT PARTNER Box Body/MPV 1.6 HDi 16V 4x4 66 CP - Recondiţionată,In stock,,,
1161,4,0375J3,Turbina PEUGEOT PARTNER Box Body/MPV 1.6 HDi 80 CP - Recondiţionată,In stock,,,
1162,4,0375J3,Turbina PEUGEOT PARTNER Box Body/MPV 1.6 HDi 16V 66 CP - Recondiţionată,In stock,,,
1163,4,0375J3,Turbina PEUGEOT PARTNER Platform/Chassis 1.6 HDi 16V 66 CP - Recondiţionată,In stock,,,
1164,4,0375J3,Turbina PEUGEOT PARTNER TEPEE 1.6 HDi 16V 66 CP - Recondiţionată,In stock,,,
1165,4,0375J3,Turbina PEUGEOT PARTNER TEPEE 1.6 HDi 80 CP - Recondiţionată,In stock,,,
1166,5,55188334,Turbina FIAT CROMA 1.9 D Multijet 88 CP - Recondiţionată,In stock,,,
1167,5,55188334,Turbina OPEL ASTRA H Estate Van 1.9 CDTI 74 CP - Recondiţionată,In stock,,,
1168,5,55188334,Turbina OPEL ZAFIRA / ZAFIRA FAMILY B 1.9 CDTI 88 CP - Recondiţionată,In stock,,,
1169,5,55188334,Turbina OPEL ZAFIRA B Box Body/MPV 1.9 CDTI VAN 88 CP - Recondiţionată,In stock,,,
1170,5,55188334,Turbina SAAB 9-Seria 3 Cabrio 1.9 TiD 88 CP - Recondiţionată,In stock,,,
1171,5,55188334,Turbina SAAB 9-3 Estate 1.9 TiD 88 CP - Recondiţionată,In stock,,,
1172,6,03L253010G,Turbina AUDI A3 2.0 TDI 16V 103 CP - Recondiţionată,In stock,,,
1173,6,03L253010G,Turbina AUDI A3 2.0 TDI 16V quattro 103 CP - Recondiţionată,In stock,,,
1174,6,03L253010G,Turbina AUDI A3 2.0 TDI 100 CP - Recondiţionată,In stock,,,
1175,6,03L253010G,Turbina AUDI ASeria 3 Cabrio 2.0 TDI 100 CP - Recondiţionată,In stock,,,
1176,6,03L253010G,Turbina AUDI ASeria 3 Cabrio 2.0 TDI 103 CP - Recondiţionată,In stock,,,
1177,6,03L253010G,Turbina AUDI A3 Sportback 2.0 TDI 16V quattro 103 CP - Recondiţionată,In stock,,,
1178,6,03L253010G,Turbina AUDI A3 Sportback 2.0 TDI 16V 103 CP - Recondiţionată,In stock,,,
1179,6,03L253010G,Turbina AUDI A3 Sportback 2.0 TDI 100 CP - Recondiţionată,In stock,,,
1180,6,03L253010G,Turbina AUDI Q3 2.0 TDI 100 CP - Recondiţionată,In stock,,,
1181,6,03L253010G,Turbina AUDI Q3 2.0 TDI quattro 103 CP - Recondiţionată,In stock,,,
1182,6,03L253010G,Turbina AUDI Q3 2.0 TDI 103 CP - Recondiţionată,In stock,,,
1183,6,03L253010G,Turbina SEAT ALHAMBRA 2.0 TDI 4Drive 103 CP - Recondiţionată,In stock,,,
1184,6,03L253010G,Turbina SEAT ALHAMBRA 2.0 TDI 100 CP - Recondiţionată,In stock,,,
1185,6,03L253010G,Turbina SEAT ALHAMBRA 2.0 TDI 103 CP - Recondiţionată,In stock,,,
1186,6,03L253010G,Turbina SEAT ALHAMBRA 2.0 TDI 85 CP - Recondiţionată,In stock,,,
1187,6,03L253010G,Turbina SEAT ALTEA 2.0 TDI 16V 103 CP - Recondiţionată,In stock,,,
1188,6,03L253010G,Turbina SEAT ALTEA XL 2.0 TDI 16V 103 CP - Recondiţionată,In stock,,,
1189,6,03L253010G,Turbina SEAT ALTEA XL 2.0 TDI 16V 4x4 103 CP - Recondiţionată,In stock,,,
1190,6,03L253010G,Turbina SEAT LEON 2.0 TDI 16V 103 CP - Recondiţionată,In stock,,,
1191,6,03L253010G,Turbina SKODA OCTAVIA II 2.0 TDI 81 CP - Recondiţionată,In stock,,,
1192,6,03L253010G,Turbina SKODA OCTAVIA II 2.0 TDI 16V 103 CP - Recondiţionată,In stock,,,
1193,6,03L253010G,Turbina SKODA OCTAVIA II Combi 2.0 TDI 81 CP - Recondiţionată,In stock,,,
1194,6,03L253010G,Turbina SKODA OCTAVIA II Combi 2.0 TDI 16V 103 CP - Recondiţionată,In stock,,,
1195,6,03L253010G,Turbina SKODA OCTAVIA II Combi 2.0 TDI 16V 4x4 103 CP - Recondiţionată,In stock,,,
1196,6,03L253010G,Turbina SKODA OCTAVIA II Combi 2.0 TDI 4x4 81 CP - Recondiţionată,In stock,,,
1197,6,03L253010G,Turbina SKODA SUPERB II 2.0 TDI 16V 4x4 103 CP - Recondiţionată,In stock,,,
1198,6,03L253010G,Turbina SKODA SUPERB II 2.0 TDI 16V 103 CP - Recondiţionată,In stock,,,
1199,6,03L253010G,Turbina SKODA SUPERB II Estate 2.0 TDI 16V 4x4 103 CP - Recondiţionată,In stock,,,
1200,6,03L253010G,Turbina SKODA SUPERB II Estate 2.0 TDI 16V 103 CP - Recondiţionată,In stock,,,
1201,6,03L253010G,Turbina SKODA YETI 2.0 TDI 4x4 103 CP - Recondiţionată,In stock,,,
1202,6,03L253010G,Turbina SKODA YETI 2.0 TDI 4x4 81 CP - Recondiţionată,In stock,,,
1203,6,03L253010G,Turbina SKODA YETI 2.0 TDI 103 CP - Recondiţionată,In stock,,,
1204,6,03L253010G,Turbina SKODA YETI 2.0 TDI 81 CP - Recondiţionată,In stock,,,
1205,6,03L253010G,Turbina VW BEETLE 2.0 TDI 103 CP - Recondiţionată,In stock,,,
1206,6,03L253010G,Turbina VW BEETLE Cabrio 2.0 TDI 103 CP - Recondiţionată,In stock,,,
1207,6,03L253010G,Turbina VW CADDY ALLTRACK IV Box Body/MPV 2.0 TDI 103 CP - Recondiţionată,In stock,,,
1208,6,03L253010G,Turbina VW CADDY ALLTRACK IV Box Body/MPV 2.0 TDI 4motion 103 CP - Recondiţionată,In stock,,,
1209,6,03L253010G,Turbina VW CADDY ALLTRACK IV Box Body/MPV 2.0 TDI 81 CP - Recondiţionată,In stock,,,
1210,6,03L253010G,Turbina VW CADDY ALLTRACK IV Box Body/MPV 2.0 TDI 4motion 81 CP - Recondiţionată,In stock,,,
1211,6,03L253010G,Turbina VW CADDY ALLTRACK IV MPV 2.0 TDI 4motion 81 CP - Recondiţionată,In stock,,,
1212,6,03L253010G,Turbina VW CADDY ALLTRACK IV MPV 2.0 TDI 4motion 103 CP - Recondiţionată,In stock,,,
1213,6,03L253010G,Turbina VW CADDY ALLTRACK IV MPV 2.0 TDI 103 CP - Recondiţionată,In stock,,,
1214,6,03L253010G,Turbina VW CADDY III Box Body/MPV 2.0 TDI 16V 103 CP - Recondiţionată,In stock,,,
1215,6,03L253010G,Turbina VW CADDY III Box Body/MPV 2.0 TDI 62 CP - Recondiţionată,In stock,,,
1216,6,03L253010G,Turbina VW CADDY III Box Body/MPV 2.0 TDI 4motion 81 CP - Recondiţionată,In stock,,,
1217,6,03L253010G,Turbina VW CADDY III Box Body/MPV 2.0 TDI 81 CP - Recondiţionată,In stock,,,
1218,6,03L253010G,Turbina VW CADDY III Box Body/MPV 2.0 TDI 16V 4motion 103 CP - Recondiţionată,In stock,,,
1219,6,03L253010G,Turbina VW CADDY III Box Body/MPV 2.0 TDI 4motion 62 CP - Recondiţionată,In stock,,,
1220,6,03L253010G,Turbina VW CADDY III MPV 2.0 TDI 4motion 81 CP - Recondiţionată,In stock,,,
1221,6,03L253010G,Turbina VW CADDY III MPV 2.0 TDI 16V 103 CP - Recondiţionată,In stock,,,
1222,6,03L253010G,Turbina VW CADDY III MPV 2.0 TDI 81 CP - Recondiţionată,In stock,,,
1223,6,03L253010G,Turbina VW CADDY III MPV 2.0 TDI 16V 4motion 103 CP - Recondiţionată,In stock,,,
1224,6,03L253010G,Turbina VW CADDY IV Box Body/MPV 2.0 TDI 4motion 81 CP - Recondiţionată,In stock,,,
1225,6,03L253010G,Turbina VW CADDY IV Box Body/MPV 2.0 TDI 4motion 103 CP - Recondiţionată,In stock,,,
1226,6,03L253010G,Turbina VW CADDY IV Box Body/MPV 2.0 TDI 103 CP - Recondiţionată,In stock,,,
1227,6,03L253010G,Turbina VW CADDY IV MPV 2.0 TDI 4motion 103 CP - Recondiţionată,In stock,,,
1228,6,03L253010G,Turbina VW CADDY IV MPV 2.0 TDI 103 CP - Recondiţionată,In stock,,,
1229,6,03L253010G,Turbina VW CADDY IV MPV 2.0 TDI 4motion 81 CP - Recondiţionată,In stock,,,
1230,6,03L253010G,Turbina VW CC B7 2.0 TDI 4motion 103 CP - Recondiţionată,In stock,,,
1231,6,03L253010G,Turbina VW CC B7 2.0 TDI 103 CP - Recondiţionată,In stock,,,
1232,6,03L253010G,Turbina VW CC B7 2.0 TDI 100 CP - Recondiţionată,In stock,,,
1233,6,03L253010G,Turbina VW EOS 2.0 TDI 16V 103 CP - Recondiţionată,In stock,,,
1234,6,03L253010G,Turbina VW EOS 2.0 TDI 100 CP - Recondiţionată,In stock,,,
1235,6,03L253010G,Turbina VW GOLF PLUS V 2.0 TDI 100 CP - Recondiţionată,In stock,,,
1236,6,03L253010G,Turbina VW GOLF PLUS V 2.0 TDI 81 CP - Recondiţionată,In stock,,,
1237,6,03L253010G,Turbina VW GOLF PLUS V 2.0 TDI 16V 103 CP - Recondiţionată,In stock,,,
1238,6,03L253010G,Turbina VW GOLF PLUS Van 2.0 TDi 103 CP - Recondiţionată,In stock,,,
1239,6,03L253010G,Turbina VW GOLF VAN VI Variant 2.0 TDi 103 CP - Recondiţionată,In stock,,,
1240,6,03L253010G,Turbina VW GOLF VI 2.0 TDI 100 CP - Recondiţionată,In stock,,,
1241,6,03L253010G,Turbina VW GOLF VI 2.0 TDI 4motion 103 CP - Recondiţionată,In stock,,,
1242,6,03L253010G,Turbina VW GOLF VI 2.0 TDI 81 CP - Recondiţionată,In stock,,,
1243,6,03L253010G,Turbina VW GOLF VI 2.0 TDI 103 CP - Recondiţionată,In stock,,,
1244,6,03L253010G,Turbina VW GOLF VI Cabrio 2.0 TDI 103 CP - Recondiţionată,In stock,,,
1245,6,03L253010G,Turbina VW GOLF VI Van 2.0 TDi 103 CP - Recondiţionată,In stock,,,
1246,6,03L253010G,Turbina VW GOLF VI Variant 2.0 TDI 103 CP - Recondiţionată,In stock,,,
1247,6,03L253010G,Turbina VW GOLF VI Variant 2.0 TDI 100 CP - Recondiţionată,In stock,,,
1248,6,03L253010G,Turbina VW GOLF VI Variant 2.0 TDI 81 CP - Recondiţionată,In stock,,,
1249,6,03L253010G,Turbina VW JETTA IV 2.0 TDI 103 CP - Recondiţionată,In stock,,,
1250,6,03L253010G,Turbina VW JETTA IV 2.0 TDI 81 CP - Recondiţionată,In stock,,,
1251,6,03L253010G,Turbina VW PASSAT ALLTRACK B7 Variant 2.0 TDI 103 CP - Recondiţionată,In stock,,,
1252,6,03L253010G,Turbina VW PASSAT ALLTRACK B7 Variant 2.0 TDI 4motion 103 CP - Recondiţionată,In stock,,,
1253,6,03L253010G,Turbina VW PASSAT B7 2.0 TDI 103 CP - Recondiţionată,In stock,,,
1254,6,03L253010G,Turbina VW PASSAT B7 2.0 TDI 100 CP - Recondiţionată,In stock,,,
1255,6,03L253010G,Turbina VW PASSAT B7 2.0 TDI 4motion 103 CP - Recondiţionată,In stock,,,
1256,6,03L253010G,Turbina VW PASSAT B7 Estate Van 2.0 TDI 103 CP - Recondiţionată,In stock,,,
1257,6,03L253010G,Turbina VW PASSAT B7 Variant 2.0 TDI 103 CP - Recondiţionată,In stock,,,
1258,6,03L253010G,Turbina VW PASSAT B7 Variant 2.0 TDI 100 CP - Recondiţionată,In stock,,,
1259,6,03L253010G,Turbina VW PASSAT B7 Variant 2.0 TDI 4motion 103 CP - Recondiţionată,In stock,,,
1260,6,03L253010G,Turbina VW PASSAT CC B6 2.0 TDI 4motion 103 CP - Recondiţionată,In stock,,,
1261,6,03L253010G,Turbina VW PASSAT CC B6 2.0 TDI 103 CP - Recondiţionată,In stock,,,
1262,6,03L253010G,Turbina VW PASSAT CC B6 2.0 TDI 100 CP - Recondiţionată,In stock,,,
1263,6,03L253010G,Turbina VW SCIROCCO III 2.0 TDI 100 CP - Recondiţionată,In stock,,,
1264,6,03L253010G,Turbina VW SCIROCCO III 2.0 TDI 103 CP - Recondiţionată,In stock,,,
1265,6,03L253010G,Turbina VW SCIROCCO Van 2.0 TDi 103 CP - Recondiţionată,In stock,,,
1266,6,03L253010G,Turbina VW SHARAN 2.0 TDI 103 CP - Recondiţionată,In stock,,,
1267,6,03L253010G,Turbina VW SHARAN 2.0 TDI 100 CP - Recondiţionată,In stock,,,
1268,6,03L253010G,Turbina VW SHARAN 2.0 TDI 4motion 103 CP - Recondiţionată,In stock,,,
1269,6,03L253010G,Turbina VW SHARAN 2.0 TDI 85 CP - Recondiţionată,In stock,,,
1270,6,03L253010G,Turbina VW SHARAN Box Body/MPV 2.0 TDI 103 CP - Recondiţionată,In stock,,,
1271,6,03L253010G,Turbina VW SHARAN Box Body/MPV 2.0 TDI 85 CP - Recondiţionată,In stock,,,
1272,6,03L253010G,Turbina VW SHARAN Box Body/MPV 2.0 TDI 100 CP - Recondiţionată,In stock,,,
1273,6,03L253010G,Turbina VW TIGUAN 2.0 TDI 4motion 103 CP - Recondiţionată,In stock,,,
1274,6,03L253010G,Turbina VW TIGUAN 2.0 TDI 103 CP - Recondiţionată,In stock,,,
1275,6,03L253010G,Turbina VW TIGUAN 2.0 TDI 81 CP - Recondiţionată,In stock,,,
1276,6,03L253010G,Turbina VW TIGUAN 2.0 TDI 4motion 100 CP - Recondiţionată,In stock,,,
1277,6,03L253010G,Turbina VW TIGUAN VAN 2.0 TDI 81 CP - Recondiţionată,In stock,,,
1278,6,03L253010G,Turbina VW TIGUAN VAN 2.0 TDI 4motion 103 CP - Recondiţionată,In stock,,,
1279,6,03L253010G,Turbina VW TIGUAN VAN 2.0 TDI 103 CP - Recondiţionată,In stock,,,
1280,6,03L253010G,Turbina VW TOURAN 2.0 TDI 81 CP - Recondiţionată,In stock,,,
1281,6,03L253010G,Turbina VW TOURAN 2.0 TDI 103 CP - Recondiţionată,In stock,,,
1282,6,03L253010G,Turbina VW TOURAN Box Body/MPV 2.0 TDI 103 CP - Recondiţionată,In stock,,,
1283,7,720855-9007S,Turbina SEAT LEON 1.9 TDI 96 CP - Recondiţionată,In stock,,,
1284,7,720855-9007S,Turbina SEAT TOLEDO II 1.9 TDI 96 CP - Recondiţionată,In stock,,,
1285,7,720855-9007S,Turbina SKODA OCTAVIA I 1.9 TDI 96 CP - Recondiţionată,In stock,,,
1286,7,720855-9007S,Turbina SKODA OCTAVIA I Combi 1.9 TDI 96 CP - Recondiţionată,In stock,,,
1287,7,720855-9007S,Turbina VW BORA I 1.9 TDI 96 CP - Recondiţionată,In stock,,,
1288,7,720855-9007S,Turbina VW BORA I 1.9 TDI 4motion 96 CP - Recondiţionată,In stock,,,
1289,7,720855-9007S,Turbina VW BORA Variant 1.9 TDI 4motion 96 CP - Recondiţionată,In stock,,,
1290,7,720855-9007S,Turbina VW BORA Variant 1.9 TDI 96 CP - Recondiţionată,In stock,,,
1291,7,720855-9007S,Turbina VW GOLF IV 1.9 TDI 4motion 96 CP - Recondiţionată,In stock,,,
1292,7,720855-9007S,Turbina VW GOLF IV 1.9 TDI 96 CP - Recondiţionată,In stock,,,
1293,7,720855-9007S,Turbina VW GOLF IV Van 1.9 TDI 96 CP - Recondiţionată,In stock,,,
1294,7,720855-9007S,Turbina VW GOLF IV Variant 1.9 TDI 96 CP - Recondiţionată,In stock,,,
1295,7,720855-9007S,Turbina VW GOLF IV Variant 1.9 TDI 4motion 96 CP - Recondiţionată,In stock,,,
1296,7,720855-9007S,Turbina VW GOLF VAN IV Variant 1.9 TDI 96 CP - Recondiţionată,In stock,,,
1297,7,720855-9007S,Turbina VW SHARAN 1.9 TDI 96 CP - Recondiţionată,In stock,,,
1298,7,720855-9007S,Turbina VW SHARAN Box Body/MPV 1.9 TDI 96 CP - Recondiţionată,In stock,,,
1299,8,03L253010EV,Turbina AUDI A3 2.0 TDI 125 CP - Recondiţionată,In stock,,,
1300,8,03L253010EV,Turbina AUDI A3 2.0 TDI quattro 125 CP - Recondiţionată,In stock,,,
1301,8,03L253010EV,Turbina AUDI A3 Sportback 2.0 TDI quattro 125 CP - Recondiţionată,In stock,,,
1302,8,03L253010EV,Turbina AUDI A3 Sportback 2.0 TDI 125 CP - Recondiţionată,In stock,,,
1303,8,03L253010EV,Turbina AUDI TT 2.0 TDI quattro 125 CP - Recondiţionată,In stock,,,
1304,8,03L253010EV,Turbina AUDI TT Roadster 2.0 TDI quattro 125 CP - Recondiţionată,In stock,,,
1305,8,03L253010EV,Turbina SEAT ALHAMBRA 2.0 TDI 125 CP - Recondiţionată,In stock,,,
1306,8,03L253010EV,Turbina SEAT ALTEA XL 2.0 TDI 4x4 125 CP - Recondiţionată,In stock,,,
1307,8,03L253010EV,Turbina SEAT LEON 2.0 TDI 125 CP - Recondiţionată,In stock,,,
1308,8,03L253010EV,Turbina SKODA SUPERB II 2.0 TDI 125 CP - Recondiţionată,In stock,,,
1309,8,03L253010EV,Turbina SKODA SUPERB II 2.0 TDI 4x4 125 CP - Recondiţionată,In stock,,,
1310,8,03L253010EV,Turbina SKODA SUPERB II Estate 2.0 TDI 4x4 125 CP - Recondiţionată,In stock,,,
1311,8,03L253010EV,Turbina SKODA SUPERB II Estate 2.0 TDI 125 CP - Recondiţionată,In stock,,,
1312,8,03L253010EV,Turbina SKODA YETI 2.0 TDI 4x4 125 CP - Recondiţionată,In stock,,,
1313,8,03L253010EV,Turbina VW GOLF VI 2.0 TDI 125 CP - Recondiţionată,In stock,,,
1314,8,03L253010EV,Turbina VW GOLF VI Van 2.0 TDi 125 CP - Recondiţionată,In stock,,,
1315,8,03L253010EV,Turbina VW PASSAT B7 2.0 TDI 4motion 125 CP - Recondiţionată,In stock,,,
1316,8,03L253010EV,Turbina VW PASSAT B7 2.0 TDI 125 CP - Recondiţionată,In stock,,,
1317,8,03L253010EV,Turbina VW PASSAT B7 Estate Van 2.0 TDI 125 CP - Recondiţionată,In stock,,,
1318,8,03L253010EV,Turbina VW PASSAT B7 Variant 2.0 TDI 4motion 125 CP - Recondiţionată,In stock,,,
1319,8,03L253010EV,Turbina VW PASSAT B7 Variant 2.0 TDI 125 CP - Recondiţionată,In stock,,,
1320,8,03L253010EV,Turbina VW PASSAT CC B6 2.0 TDI 4motion 125 CP - Recondiţionată,In stock,,,
1321,8,03L253010EV,Turbina VW PASSAT CC B6 2.0 TDI 125 CP - Recondiţionată,In stock,,,
1322,8,03L253010EV,Turbina VW SCIROCCO III 2.0 TDI 125 CP - Recondiţionată,In stock,,,
1323,8,03L253010EV,Turbina VW SCIROCCO Van 2.0 TDi 125 CP - Recondiţionată,In stock,,,
1324,8,03L253010EV,Turbina VW SHARAN 2.0 TDI 125 CP - Recondiţionată,In stock,,,
1325,8,03L253010EV,Turbina VW SHARAN Box Body/MPV 2.0 TDI 125 CP - Recondiţionată,In stock,,,
1326,8,03L253010EV,Turbina VW TIGUAN 2.0 TDI 4motion 125 CP - Recondiţionată,In stock,,,
1327,8,03L253010EV,Turbina VW TIGUAN VAN 2.0 TDI 4motion 125 CP - Recondiţionată,In stock,,,
1328,8,03L253010EV,Turbina VW TOURAN 2.0 TDI 125 CP - Recondiţionată,In stock,,,
1329,8,03L253010EV,Turbina VW TOURAN 2.0 TDI 125 CP - Recondiţionată,In stock,,,
1330,8,03L253010EV,Turbina VW TOURAN Box Body/MPV 2.0 TDi 125 CP - Recondiţionată,In stock,,,
1331,9,850840-5007S,Turbina FORD C-MAX 2.0 TDCi 98 CP - Recondiţionată,In stock,,,
1332,9,850840-5007S,Turbina FORD C-MAX 2.0 TDCi 100 CP - Recondiţionată,In stock,,,
1333,9,850840-5007S,Turbina FORD C-MAX 2.0 TDCi 81 CP - Recondiţionată,In stock,,,
1334,9,850840-5007S,Turbina FORD C-MAX II 2.0 TDCi 125 CP - Recondiţionată,In stock,,,
1335,9,850840-5007S,Turbina FORD C-MAX II 2.0 TDCi 100 CP - Recondiţionată,In stock,,,
1336,9,850840-5007S,Turbina FORD FOCUS C-MAX 2.0 TDCi 100 CP - Recondiţionată,In stock,,,
1337,9,850840-5007S,Turbina FORD FOCUS C-MAX 2.0 TDCi 98 CP - Recondiţionată,In stock,,,
1338,9,850840-5007S,Turbina FORD FOCUS II 2.0 TDCi 100 CP - Recondiţionată,In stock,,,
1339,9,850840-5007S,Turbina FORD FOCUS II 2.0 TDCi 98 CP - Recondiţionată,In stock,,,
1340,9,850840-5007S,Turbina FORD FOCUS II 2.0 TDCi 81 CP - Recondiţionată,In stock,,,
1341,9,850840-5007S,Turbina FORD FOCUS II Cabrio 2.0 TDCi 100 CP - Recondiţionată,In stock,,,
1342,9,850840-5007S,Turbina FORD FOCUS II Estate Van 2.0 TDCi 100 CP - Recondiţionată,In stock,,,
1343,9,850840-5007S,Turbina FORD FOCUS II Estate Van 2.0 TDCi 81 CP - Recondiţionată,In stock,,,
1344,9,850840-5007S,Turbina FORD FOCUS II Saloon 2.0 TDCi 81 CP - Recondiţionată,In stock,,,
1345,9,850840-5007S,Turbina FORD FOCUS II Saloon 2.0 TDCi 100 CP - Recondiţionată,In stock,,,
1346,9,850840-5007S,Turbina FORD FOCUS II Turnier 2.0 TDCi 98 CP - Recondiţionată,In stock,,,
1347,9,850840-5007S,Turbina FORD FOCUS II Turnier 2.0 TDCi 100 CP - Recondiţionată,In stock,,,
1348,9,850840-5007S,Turbina FORD FOCUS II Turnier 2.0 TDCi 81 CP - Recondiţionată,In stock,,,
1349,9,850840-5007S,Turbina FORD FOCUS III 2.0 TDCi 100 CP - Recondiţionată,In stock,,,
1350,9,850840-5007S,Turbina FORD FOCUS III Saloon 2.0 TDCi 100 CP - Recondiţionată,In stock,,,
1351,9,850840-5007S,Turbina FORD FOCUS III Turnier 2.0 TDCi 100 CP - Recondiţionată,In stock,,,
1352,9,850840-5007S,Turbina FORD GALAXY I 1.9 TDI 96 CP - Recondiţionată,In stock,,,
1353,9,850840-5007S,Turbina FORD GALAXY I 1.9 TDI 81 CP - Recondiţionată,In stock,,,
1354,9,850840-5007S,Turbina FORD GALAXY II 2.0 TDCi 100 CP - Recondiţionată,In stock,,,
1355,9,850840-5007S,Turbina FORD GALAXY II 2.0 TDCi 96 CP - Recondiţionată,In stock,,,
1356,9,850840-5007S,Turbina FORD GALAXY MK II VAN TDCi 96 CP - Recondiţionată,In stock,,,
1357,9,850840-5007S,Turbina FORD GRAND C-MAX 2.0 TDCi 100 CP - Recondiţionată,In stock,,,
1358,9,850840-5007S,Turbina FORD GRAND C-MAX 2.0 TDCi 125 CP - Recondiţionată,In stock,,,
1359,9,850840-5007S,Turbina FORD GRAND C-MAX Van 2.0 TDCi 125 CP - Recondiţionată,In stock,,,
1360,9,850840-5007S,Turbina FORD KUGA I 2.0 TDCi 4x4 100 CP - Recondiţionată,In stock,,,
1361,9,850840-5007S,Turbina FORD KUGA I 2.0 TDCi 100 CP - Recondiţionată,In stock,,,
1362,9,850840-5007S,Turbina FORD KUGA II 2.0 TDCi 100 CP - Recondiţionată,In stock,,,
1363,9,850840-5007S,Turbina FORD KUGA II 2.0 TDCi 4x4 100 CP - Recondiţionată,In stock,,,
1364,9,850840-5007S,Turbina FORD MONDEO III 2.0 DI 92 CP - Recondiţionată,In stock,,,
1365,9,850840-5007S,Turbina FORD MONDEO III 2.0 TDCi 96 CP - Recondiţionată,In stock,,,
1366,9,850840-5007S,Turbina FORD MONDEO III Saloon 2.0 DI 92 CP - Recondiţionată,In stock,,,
1367,9,850840-5007S,Turbina FORD MONDEO III Saloon 2.0 TDCi 96 CP - Recondiţionată,In stock,,,
1368,9,850840-5007S,Turbina FORD MONDEO III Turnier 2.0 TDCi 96 CP - Recondiţionată,In stock,,,
1369,9,850840-5007S,Turbina FORD MONDEO IV 2.0 TDCi 100 CP - Recondiţionată,In stock,,,
1370,9,850840-5007S,Turbina FORD MONDEO IV 2.0 TDCi 96 CP - Recondiţionată,In stock,,,
1371,9,850840-5007S,Turbina FORD MONDEO IV Saloon 2.0 TDCi 100 CP - Recondiţionată,In stock,,,
1372,9,850840-5007S,Turbina FORD MONDEO IV Saloon 2.0 TDCi 96 CP - Recondiţionată,In stock,,,
1373,9,850840-5007S,Turbina FORD MONDEO IV Turnier 2.0 TDCi 96 CP - Recondiţionată,In stock,,,
1374,9,850840-5007S,Turbina FORD MONDEO IV Turnier 2.0 TDCi 100 CP - Recondiţionată,In stock,,,
1375,9,850840-5007S,Turbina FORD RANGER 2.0 EcoBlue 125 CP - Recondiţionată,In stock,,,
1376,9,850840-5007S,Turbina FORD RANGER 2.0 EcoBlue 4x4 125 CP - Recondiţionată,In stock,,,
1377,9,850840-5007S,Turbina FORD RANGER 2.0 EcoBlue 4x4 96 CP - Recondiţionată,In stock,,,
1378,9,850840-5007S,Turbina FORD RANGER IV 2.0 EcoBlue 4x4 125 CP - Recondiţionată,In stock,,,
1379,9,850840-5007S,Turbina FORD S-MAX 2.0 TDCi 100 CP - Recondiţionată,In stock,,,
1380,9,850840-5007S,Turbina FORD S-MAX 2.0 TDCi 96 CP - Recondiţionată,In stock,,,
1381,9,850840-5007S,Turbina FORD TOURNEO CONNECT / GRAND TOURNEO CONNECT V761 MPV 2.0 EcoBlue 75 CP - Recondiţionată,In stock,,,
1382,9,850840-5007S,Turbina FORD TOURNEO CUSTOM V362 Bus 2.0 EcoBlue 96 CP - Recondiţionată,In stock,,,
1383,9,850840-5007S,Turbina FORD TOURNEO CUSTOM V362 Bus 2.0 EcoBlue 125 CP - Recondiţionată,In stock,,,
1384,9,850840-5007S,Turbina FORD TOURNEO CUSTOM V362 Bus 2.0 EcoBlue 136 CP - Recondiţionată,In stock,,,
1385,9,850840-5007S,Turbina FORD TOURNEO CUSTOM V362 Bus 2.0 EcoBlue mHEV 96 CP - Recondiţionată,In stock,,,
1386,9,850840-5007S,Turbina FORD TOURNEO CUSTOM V362 Bus 2.0 EcoBlue 77 CP - Recondiţionată,In stock,,,
1387,9,850840-5007S,Turbina FORD TOURNEO CUSTOM V362 Bus 2.0 EcoBlue mHEV 136 CP - Recondiţionată,In stock,,,
1388,9,850840-5007S,Turbina FORD TOURNEO CUSTOM V710 Bus 2.0 EcoBlue 125 CP - Recondiţionată,In stock,,,
1389,9,850840-5007S,Turbina FORD TOURNEO CUSTOM V710 Bus 2.0 EcoBlue 100 CP - Recondiţionată,In stock,,,
1390,9,850840-5007S,Turbina FORD TOURNEO CUSTOM V710 Bus 2.0 EcoBlue AWD 100 CP - Recondiţionată,In stock,,,
1391,9,850840-5007S,Turbina FORD TOURNEO CUSTOM V710 Bus 2.0 EcoBlue AWD 125 CP - Recondiţionată,In stock,,,
1392,9,850840-5007S,Turbina FORD TOURNEO CUSTOM V710 Bus 2.0 EcoBlue 81 CP - Recondiţionată,In stock,,,
1393,9,850840-5007S,Turbina FORD TRANSIT Bus 2.0 TDCi 92 CP - Recondiţionată,In stock,,,
1394,9,850840-5007S,Turbina FORD TRANSIT CONNECT V761 Box Body/MPV EcoBlue 75 CP - Recondiţionată,In stock,,,
1395,9,850840-5007S,Turbina FORD TRANSIT CUSTOM V362 Bus 2.0 EcoBlue 125 CP - Recondiţionată,In stock,,,
1396,9,850840-5007S,Turbina FORD TRANSIT CUSTOM V362 Bus 2.0 EcoBlue 96 CP - Recondiţionată,In stock,,,
1397,9,850840-5007S,Turbina FORD TRANSIT CUSTOM V362 Bus 2.0 EcoBlue mHEV 125 CP - Recondiţionată,In stock,,,
1398,9,850840-5007S,Turbina FORD TRANSIT CUSTOM V362 Bus 2.0 EcoBlue 77 CP - Recondiţionată,In stock,,,
1399,9,850840-5007S,Turbina FORD TRANSIT CUSTOM V362 Bus 2.0 EcoBlue mHEV 77 CP - Recondiţionată,In stock,,,
1400,9,850840-5007S,Turbina FORD TRANSIT CUSTOM V362 Bus 2.0 EcoBlue mHEV 136 CP - Recondiţionată,In stock,,,
1401,9,850840-5007S,Turbina FORD TRANSIT CUSTOM V362 Bus 2.0 EcoBlue 136 CP - Recondiţionată,In stock,,,
1402,9,850840-5007S,Turbina FORD TRANSIT CUSTOM V362 Bus 2.0 EcoBlue mHEV 96 CP - Recondiţionată,In stock,,,
1403,9,850840-5007S,Turbina FORD TRANSIT CUSTOM V362 Van 2.0 EcoBlue 136 CP - Recondiţionată,In stock,,,
1404,9,850840-5007S,Turbina FORD TRANSIT CUSTOM V362 Van 2.0 EcoBlue 125 CP - Recondiţionată,In stock,,,
1405,9,850840-5007S,Turbina FORD TRANSIT CUSTOM V362 Van 2.0 EcoBlue mHEV 125 CP - Recondiţionată,In stock,,,
1406,9,850840-5007S,Turbina FORD TRANSIT CUSTOM V362 Van 2.0 EcoBlue 77 CP - Recondiţionată,In stock,,,
1407,9,850840-5007S,Turbina FORD TRANSIT CUSTOM V362 Van 2.0 EcoBlue 96 CP - Recondiţionată,In stock,,,
1408,9,850840-5007S,Turbina FORD TRANSIT CUSTOM V362 Van 2.0 EcoBlue mHEV 96 CP - Recondiţionată,In stock,,,
1409,9,850840-5007S,Turbina FORD TRANSIT CUSTOM V362 Van 2.0 EcoBlue mHEV 136 CP - Recondiţionată,In stock,,,
1410,9,850840-5007S,Turbina FORD TRANSIT CUSTOM V710 Bus 2.0 EcoBlue AWD 100 CP - Recondiţionată,In stock,,,
1411,9,850840-5007S,Turbina FORD TRANSIT CUSTOM V710 Bus 2.0 EcoBlue 81 CP - Recondiţionată,In stock,,,
1412,9,850840-5007S,Turbina FORD TRANSIT CUSTOM V710 Bus 2.0 EcoBlue 100 CP - Recondiţionată,In stock,,,
1413,9,850840-5007S,Turbina FORD TRANSIT CUSTOM V710 Bus 2.0 EcoBlue AWD 125 CP - Recondiţionată,In stock,,,
1414,9,850840-5007S,Turbina FORD TRANSIT CUSTOM V710 Bus 2.0 EcoBlue 125 CP - Recondiţionată,In stock,,,
1415,9,850840-5007S,Turbina FORD TRANSIT CUSTOM V710 Van 2.0 EcoBlue AWD 125 CP - Recondiţionată,In stock,,,
1416,9,850840-5007S,Turbina FORD TRANSIT CUSTOM V710 Van 2.0 EcoBlue AWD 100 CP - Recondiţionată,In stock,,,
1417,9,850840-5007S,Turbina FORD TRANSIT CUSTOM V710 Van 2.0 EcoBlue 100 CP - Recondiţionată,In stock,,,
1418,9,850840-5007S,Turbina FORD TRANSIT CUSTOM V710 Van 2.0 EcoBlue 125 CP - Recondiţionată,In stock,,,
1419,9,850840-5007S,Turbina FORD TRANSIT CUSTOM V710 Van 2.0 EcoBlue 81 CP - Recondiţionată,In stock,,,
1420,9,850840-5007S,Turbina FORD TRANSIT Platform/Chassis 2.0 TDCi 92 CP - Recondiţionată,In stock,,,
1421,9,850840-5007S,Turbina FORD TRANSIT TOURNEO Bus 2.0 92 CP - Recondiţionată,In stock,,,
1422,9,850840-5007S,Turbina FORD TRANSIT V363 Bus 2.0 EcoBlue 77 CP - Recondiţionată,In stock,,,
1423,9,850840-5007S,Turbina FORD TRANSIT V363 Bus 2.0 EcoBlue 125 CP - Recondiţionată,In stock,,,
1424,9,850840-5007S,Turbina FORD TRANSIT V363 Bus 2.0 EcoBlue 96 CP - Recondiţionată,In stock,,,
1425,9,850840-5007S,Turbina FORD TRANSIT V363 Bus 2.0 EcoBlue mHEV 125 CP - Recondiţionată,In stock,,,
1426,9,850840-5007S,Turbina FORD TRANSIT V363 Bus 2.0 EcoBlue mHEV 96 CP - Recondiţionată,In stock,,,
1427,9,850840-5007S,Turbina FORD TRANSIT V363 Bus 2.0 EcoBlue 121 CP - Recondiţionată,In stock,,,
1428,9,850840-5007S,Turbina FORD TRANSIT V363 Bus 2.0 EcoBlue RWD 121 CP - Recondiţionată,In stock,,,
1429,9,850840-5007S,Turbina FORD TRANSIT V363 Bus 2.0 EcoBlue RWD 96 CP - Recondiţionată,In stock,,,
1430,9,850840-5007S,Turbina FORD TRANSIT V363 Bus 2.0 EcoBlue RWD 125 CP - Recondiţionată,In stock,,,
1431,9,850840-5007S,Turbina FORD TRANSIT V363 Platform/Chassis 2.0 EcoBlue mHEV 96 CP - Recondiţionată,In stock,,,
1432,9,850840-5007S,Turbina FORD TRANSIT V363 Platform/Chassis 2.0 EcoBlue 4x4 121 CP - Recondiţionată,In stock,,,
1433,9,850840-5007S,Turbina FORD TRANSIT V363 Platform/Chassis 2.0 EcoBlue RWD 96 CP - Recondiţionată,In stock,,,
1434,9,850840-5007S,Turbina FORD TRANSIT V363 Platform/Chassis 2.0 EcoBlue 96 CP - Recondiţionată,In stock,,,
1435,9,850840-5007S,Turbina FORD TRANSIT V363 Platform/Chassis 2.0 EcoBlue RWD 125 CP - Recondiţionată,In stock,,,
1436,9,850840-5007S,Turbina FORD TRANSIT V363 Platform/Chassis 2.0 EcoBlue mHEV 125 CP - Recondiţionată,In stock,,,
1437,9,850840-5007S,Turbina FORD TRANSIT V363 Platform/Chassis 2.0 EcoBlue RWD 121 CP - Recondiţionată,In stock,,,
1438,9,850840-5007S,Turbina FORD TRANSIT V363 Platform/Chassis 2.0 EcoBlue 4x4 96 CP - Recondiţionată,In stock,,,
1439,9,850840-5007S,Turbina FORD TRANSIT V363 Platform/Chassis 2.0 EcoBlue 121 CP - Recondiţionată,In stock,,,
1440,9,850840-5007S,Turbina FORD TRANSIT V363 Platform/Chassis 2.0 EcoBlue 125 CP - Recondiţionată,In stock,,,
1441,9,850840-5007S,Turbina FORD TRANSIT V363 Platform/Chassis 2.0 EcoBlue 4x4 125 CP - Recondiţionată,In stock,,,
1442,9,850840-5007S,Turbina FORD TRANSIT V363 Platform/Chassis 2.0 EcoBlue 77 CP - Recondiţionată,In stock,,,
1443,9,850840-5007S,Turbina FORD TRANSIT V363 Platform/Chassis 2.0 EcoBlue RWD 77 CP - Recondiţionată,In stock,,,
1444,9,850840-5007S,Turbina FORD TRANSIT V363 Van 2.0 EcoBlue 125 CP - Recondiţionată,In stock,,,
1445,9,850840-5007S,Turbina FORD TRANSIT V363 Van 2.0 EcoBlue 4x4 125 CP - Recondiţionată,In stock,,,
1446,9,850840-5007S,Turbina FORD TRANSIT V363 Van 2.0 EcoBlue 4x4 96 CP - Recondiţionată,In stock,,,
1447,9,850840-5007S,Turbina FORD TRANSIT V363 Van 2.0 EcoBlue RWD 77 CP - Recondiţionată,In stock,,,
1448,9,850840-5007S,Turbina FORD TRANSIT V363 Van 2.0 EcoBlue 77 CP - Recondiţionată,In stock,,,
1449,9,850840-5007S,Turbina FORD TRANSIT V363 Van 2.0 EcoBlue 96 CP - Recondiţionată,In stock,,,
1450,9,850840-5007S,Turbina FORD TRANSIT V363 Van 2.0 EcoBlue 4x4 121 CP - Recondiţionată,In stock,,,
1451,9,850840-5007S,Turbina FORD TRANSIT V363 Van 2.0 EcoBlue 121 CP - Recondiţionată,In stock,,,
1452,9,850840-5007S,Turbina FORD TRANSIT V363 Van 2.0 EcoBlue RWD 121 CP - Recondiţionată,In stock,,,
1453,9,850840-5007S,Turbina FORD TRANSIT V363 Van 2.0 EcoBlue mHEV 125 CP - Recondiţionată,In stock,,,
1454,9,850840-5007S,Turbina FORD TRANSIT V363 Van 2.0 EcoBlue mHEV 96 CP - Recondiţionată,In stock,,,
1455,9,850840-5007S,Turbina FORD TRANSIT V363 Van 2.0 EcoBlue RWD 125 CP - Recondiţionată,In stock,,,
1456,9,850840-5007S,Turbina FORD TRANSIT V363 Van 2.0 EcoBlue RWD 96 CP - Recondiţionată,In stock,,,
1457,9,850840-5007S,Turbina FORD TRANSIT Van 2.0 TDCi 92 CP - Recondiţionată,In stock,,,
1458,9,850840-5007S,Turbina FORD USA RANGER Cab & Chassis 2.0 EcoBlue 4x4 125 CP - Recondiţionată,In stock,,,
1459,9,850840-5007S,Turbina FORD USA RANGER Cab & Chassis 2.0 EcoBlue 125 CP - Recondiţionată,In stock,,,
1460,9,850840-5007S,Turbina FORD USA RANGER Extended Cab Pickup 2.0 EcoBlue AWD 125 CP - Recondiţionată,In stock,,,
1461,9,850840-5007S,Turbina FORD USA RANGER Extended Cab Pickup 2.0 EcoBlue 125 CP - Recondiţionată,In stock,,,
1462,9,850840-5007S,Turbina FORD USA RANGER Standard Cab Pickup 2.0 EcoBlue 125 CP - Recondiţionată,In stock,,,
1463,9,850840-5007S,Turbina FORD USA RANGER Standard Cab Pickup 2.0 EcoBlue 4x4 125 CP - Recondiţionată,In stock,,,
1464,6,03L253010G,Turbina AUDI A3 2.0 TDI 16V 103 CP - Recondiţionată,In stock,,,
1465,6,03L253010G,Turbina AUDI A3 2.0 TDI 16V quattro 103 CP - Recondiţionată,In stock,,,
1466,6,03L253010G,Turbina AUDI A3 2.0 TDI 100 CP - Recondiţionată,In stock,,,
1467,6,03L253010G,Turbina AUDI ASeria 3 Cabrio 2.0 TDI 100 CP - Recondiţionată,In stock,,,
1468,6,03L253010G,Turbina AUDI ASeria 3 Cabrio 2.0 TDI 103 CP - Recondiţionată,In stock,,,
1469,6,03L253010G,Turbina AUDI A3 Sportback 2.0 TDI 16V quattro 103 CP - Recondiţionată,In stock,,,
1470,6,03L253010G,Turbina AUDI A3 Sportback 2.0 TDI 16V 103 CP - Recondiţionată,In stock,,,
1471,6,03L253010G,Turbina AUDI A3 Sportback 2.0 TDI 100 CP - Recondiţionată,In stock,,,
1472,6,03L253010G,Turbina AUDI Q3 2.0 TDI 100 CP - Recondiţionată,In stock,,,
1473,6,03L253010G,Turbina AUDI Q3 2.0 TDI quattro 103 CP - Recondiţionată,In stock,,,
1474,6,03L253010G,Turbina AUDI Q3 2.0 TDI 103 CP - Recondiţionată,In stock,,,
1475,6,03L253010G,Turbina SEAT ALHAMBRA 2.0 TDI 4Drive 103 CP - Recondiţionată,In stock,,,
1476,6,03L253010G,Turbina SEAT ALHAMBRA 2.0 TDI 100 CP - Recondiţionată,In stock,,,
1477,6,03L253010G,Turbina SEAT ALHAMBRA 2.0 TDI 103 CP - Recondiţionată,In stock,,,
1478,6,03L253010G,Turbina SEAT ALHAMBRA 2.0 TDI 85 CP - Recondiţionată,In stock,,,
1479,6,03L253010G,Turbina SEAT ALTEA 2.0 TDI 16V 103 CP - Recondiţionată,In stock,,,
1480,6,03L253010G,Turbina SEAT ALTEA XL 2.0 TDI 16V 103 CP - Recondiţionată,In stock,,,
1481,6,03L253010G,Turbina SEAT ALTEA XL 2.0 TDI 16V 4x4 103 CP - Recondiţionată,In stock,,,
1482,6,03L253010G,Turbina SEAT LEON 2.0 TDI 16V 103 CP - Recondiţionată,In stock,,,
1483,6,03L253010G,Turbina SKODA OCTAVIA II 2.0 TDI 81 CP - Recondiţionată,In stock,,,
1484,6,03L253010G,Turbina SKODA OCTAVIA II 2.0 TDI 16V 103 CP - Recondiţionată,In stock,,,
1485,6,03L253010G,Turbina SKODA OCTAVIA II Combi 2.0 TDI 81 CP - Recondiţionată,In stock,,,
1486,6,03L253010G,Turbina SKODA OCTAVIA II Combi 2.0 TDI 16V 103 CP - Recondiţionată,In stock,,,
1487,6,03L253010G,Turbina SKODA OCTAVIA II Combi 2.0 TDI 16V 4x4 103 CP - Recondiţionată,In stock,,,
1488,6,03L253010G,Turbina SKODA OCTAVIA II Combi 2.0 TDI 4x4 81 CP - Recondiţionată,In stock,,,
1489,6,03L253010G,Turbina SKODA SUPERB II 2.0 TDI 16V 4x4 103 CP - Recondiţionată,In stock,,,
1490,6,03L253010G,Turbina SKODA SUPERB II 2.0 TDI 16V 103 CP - Recondiţionată,In stock,,,
1491,6,03L253010G,Turbina SKODA SUPERB II Estate 2.0 TDI 16V 4x4 103 CP - Recondiţionată,In stock,,,
1492,6,03L253010G,Turbina SKODA SUPERB II Estate 2.0 TDI 16V 103 CP - Recondiţionată,In stock,,,
1493,6,03L253010G,Turbina SKODA YETI 2.0 TDI 4x4 103 CP - Recondiţionată,In stock,,,
1494,6,03L253010G,Turbina SKODA YETI 2.0 TDI 4x4 81 CP - Recondiţionată,In stock,,,
1495,6,03L253010G,Turbina SKODA YETI 2.0 TDI 103 CP - Recondiţionată,In stock,,,
1496,6,03L253010G,Turbina SKODA YETI 2.0 TDI 81 CP - Recondiţionată,In stock,,,
1497,6,03L253010G,Turbina VW BEETLE 2.0 TDI 103 CP - Recondiţionată,In stock,,,
1498,6,03L253010G,Turbina VW BEETLE Cabrio 2.0 TDI 103 CP - Recondiţionată,In stock,,,
1499,6,03L253010G,Turbina VW CADDY ALLTRACK IV Box Body/MPV 2.0 TDI 103 CP - Recondiţionată,In stock,,,
1500,6,03L253010G,Turbina VW CADDY ALLTRACK IV Box Body/MPV 2.0 TDI 4motion 103 CP - Recondiţionată,In stock,,,
1501,6,03L253010G,Turbina VW CADDY ALLTRACK IV Box Body/MPV 2.0 TDI 81 CP - Recondiţionată,In stock,,,
1502,6,03L253010G,Turbina VW CADDY ALLTRACK IV Box Body/MPV 2.0 TDI 4motion 81 CP - Recondiţionată,In stock,,,
1503,6,03L253010G,Turbina VW CADDY ALLTRACK IV MPV 2.0 TDI 4motion 81 CP - Recondiţionată,In stock,,,
1504,6,03L253010G,Turbina VW CADDY ALLTRACK IV MPV 2.0 TDI 4motion 103 CP - Recondiţionată,In stock,,,
1505,6,03L253010G,Turbina VW CADDY ALLTRACK IV MPV 2.0 TDI 103 CP - Recondiţionată,In stock,,,
1506,6,03L253010G,Turbina VW CADDY III Box Body/MPV 2.0 TDI 16V 103 CP - Recondiţionată,In stock,,,
1507,6,03L253010G,Turbina VW CADDY III Box Body/MPV 2.0 TDI 62 CP - Recondiţionată,In stock,,,
1508,6,03L253010G,Turbina VW CADDY III Box Body/MPV 2.0 TDI 4motion 81 CP - Recondiţionată,In stock,,,
1509,6,03L253010G,Turbina VW CADDY III Box Body/MPV 2.0 TDI 81 CP - Recondiţionată,In stock,,,
1510,6,03L253010G,Turbina VW CADDY III Box Body/MPV 2.0 TDI 16V 4motion 103 CP - Recondiţionată,In stock,,,
1511,6,03L253010G,Turbina VW CADDY III Box Body/MPV 2.0 TDI 4motion 62 CP - Recondiţionată,In stock,,,
1512,6,03L253010G,Turbina VW CADDY III MPV 2.0 TDI 4motion 81 CP - Recondiţionată,In stock,,,
1513,6,03L253010G,Turbina VW CADDY III MPV 2.0 TDI 16V 103 CP - Recondiţionată,In stock,,,
1514,6,03L253010G,Turbina VW CADDY III MPV 2.0 TDI 81 CP - Recondiţionată,In stock,,,
1515,6,03L253010G,Turbina VW CADDY III MPV 2.0 TDI 16V 4motion 103 CP - Recondiţionată,In stock,,,
1516,6,03L253010G,Turbina VW CADDY IV Box Body/MPV 2.0 TDI 4motion 81 CP - Recondiţionată,In stock,,,
1517,6,03L253010G,Turbina VW CADDY IV Box Body/MPV 2.0 TDI 4motion 103 CP - Recondiţionată,In stock,,,
1518,6,03L253010G,Turbina VW CADDY IV Box Body/MPV 2.0 TDI 103 CP - Recondiţionată,In stock,,,
1519,6,03L253010G,Turbina VW CADDY IV MPV 2.0 TDI 4motion 103 CP - Recondiţionată,In stock,,,
1520,6,03L253010G,Turbina VW CADDY IV MPV 2.0 TDI 103 CP - Recondiţionată,In stock,,,
1521,6,03L253010G,Turbina VW CADDY IV MPV 2.0 TDI 4motion 81 CP - Recondiţionată,In stock,,,
1522,6,03L253010G,Turbina VW CC B7 2.0 TDI 4motion 103 CP - Recondiţionată,In stock,,,
1523,6,03L253010G,Turbina VW CC B7 2.0 TDI 103 CP - Recondiţionată,In stock,,,
1524,6,03L253010G,Turbina VW CC B7 2.0 TDI 100 CP - Recondiţionată,In stock,,,
1525,6,03L253010G,Turbina VW EOS 2.0 TDI 16V 103 CP - Recondiţionată,In stock,,,
1526,6,03L253010G,Turbina VW EOS 2.0 TDI 100 CP - Recondiţionată,In stock,,,
1527,6,03L253010G,Turbina VW GOLF PLUS V 2.0 TDI 100 CP - Recondiţionată,In stock,,,
1528,6,03L253010G,Turbina VW GOLF PLUS V 2.0 TDI 81 CP - Recondiţionată,In stock,,,
1529,6,03L253010G,Turbina VW GOLF PLUS V 2.0 TDI 16V 103 CP - Recondiţionată,In stock,,,
1530,6,03L253010G,Turbina VW GOLF PLUS Van 2.0 TDi 103 CP - Recondiţionată,In stock,,,
1531,6,03L253010G,Turbina VW GOLF VAN VI Variant 2.0 TDi 103 CP - Recondiţionată,In stock,,,
1532,6,03L253010G,Turbina VW GOLF VI 2.0 TDI 100 CP - Recondiţionată,In stock,,,
1533,6,03L253010G,Turbina VW GOLF VI 2.0 TDI 4motion 103 CP - Recondiţionată,In stock,,,
1534,6,03L253010G,Turbina VW GOLF VI 2.0 TDI 81 CP - Recondiţionată,In stock,,,
1535,6,03L253010G,Turbina VW GOLF VI 2.0 TDI 103 CP - Recondiţionată,In stock,,,
1536,6,03L253010G,Turbina VW GOLF VI Cabrio 2.0 TDI 103 CP - Recondiţionată,In stock,,,
1537,6,03L253010G,Turbina VW GOLF VI Van 2.0 TDi 103 CP - Recondiţionată,In stock,,,
1538,6,03L253010G,Turbina VW GOLF VI Variant 2.0 TDI 103 CP - Recondiţionată,In stock,,,
1539,6,03L253010G,Turbina VW GOLF VI Variant 2.0 TDI 100 CP - Recondiţionată,In stock,,,
1540,6,03L253010G,Turbina VW GOLF VI Variant 2.0 TDI 81 CP - Recondiţionată,In stock,,,
1541,6,03L253010G,Turbina VW JETTA IV 2.0 TDI 103 CP - Recondiţionată,In stock,,,
1542,6,03L253010G,Turbina VW JETTA IV 2.0 TDI 81 CP - Recondiţionată,In stock,,,
1543,6,03L253010G,Turbina VW PASSAT ALLTRACK B7 Variant 2.0 TDI 103 CP - Recondiţionată,In stock,,,
1544,6,03L253010G,Turbina VW PASSAT ALLTRACK B7 Variant 2.0 TDI 4motion 103 CP - Recondiţionată,In stock,,,
1545,6,03L253010G,Turbina VW PASSAT B7 2.0 TDI 103 CP - Recondiţionată,In stock,,,
1546,6,03L253010G,Turbina VW PASSAT B7 2.0 TDI 100 CP - Recondiţionată,In stock,,,
1547,6,03L253010G,Turbina VW PASSAT B7 2.0 TDI 4motion 103 CP - Recondiţionată,In stock,,,
1548,6,03L253010G,Turbina VW PASSAT B7 Estate Van 2.0 TDI 103 CP - Recondiţionată,In stock,,,
1549,6,03L253010G,Turbina VW PASSAT B7 Variant 2.0 TDI 103 CP - Recondiţionată,In stock,,,
1550,6,03L253010G,Turbina VW PASSAT B7 Variant 2.0 TDI 100 CP - Recondiţionată,In stock,,,
1551,6,03L253010G,Turbina VW PASSAT B7 Variant 2.0 TDI 4motion 103 CP - Recondiţionată,In stock,,,
1552,6,03L253010G,Turbina VW PASSAT CC B6 2.0 TDI 4motion 103 CP - Recondiţionată,In stock,,,
1553,6,03L253010G,Turbina VW PASSAT CC B6 2.0 TDI 103 CP - Recondiţionată,In stock,,,
1554,6,03L253010G,Turbina VW PASSAT CC B6 2.0 TDI 100 CP - Recondiţionată,In stock,,,
1555,6,03L253010G,Turbina VW SCIROCCO III 2.0 TDI 100 CP - Recondiţionată,In stock,,,
1556,6,03L253010G,Turbina VW SCIROCCO III 2.0 TDI 103 CP - Recondiţionată,In stock,,,
1557,6,03L253010G,Turbina VW SCIROCCO Van 2.0 TDi 103 CP - Recondiţionată,In stock,,,
1558,6,03L253010G,Turbina VW SHARAN 2.0 TDI 103 CP - Recondiţionată,In stock,,,
1559,6,03L253010G,Turbina VW SHARAN 2.0 TDI 100 CP - Recondiţionată,In stock,,,
1560,6,03L253010G,Turbina VW SHARAN 2.0 TDI 4motion 103 CP - Recondiţionată,In stock,,,
1561,6,03L253010G,Turbina VW SHARAN 2.0 TDI 85 CP - Recondiţionată,In stock,,,
1562,6,03L253010G,Turbina VW SHARAN Box Body/MPV 2.0 TDI 103 CP - Recondiţionată,In stock,,,
1563,6,03L253010G,Turbina VW SHARAN Box Body/MPV 2.0 TDI 85 CP - Recondiţionată,In stock,,,
1564,6,03L253010G,Turbina VW SHARAN Box Body/MPV 2.0 TDI 100 CP - Recondiţionată,In stock,,,
1565,6,03L253010G,Turbina VW TIGUAN 2.0 TDI 4motion 103 CP - Recondiţionată,In stock,,,
1566,6,03L253010G,Turbina VW TIGUAN 2.0 TDI 103 CP - Recondiţionată,In stock,,,
1567,6,03L253010G,Turbina VW TIGUAN 2.0 TDI 81 CP - Recondiţionată,In stock,,,
1568,6,03L253010G,Turbina VW TIGUAN 2.0 TDI 4motion 100 CP - Recondiţionată,In stock,,,
1569,6,03L253010G,Turbina VW TIGUAN VAN 2.0 TDI 81 CP - Recondiţionată,In stock,,,
1570,6,03L253010G,Turbina VW TIGUAN VAN 2.0 TDI 4motion 103 CP - Recondiţionată,In stock,,,
1571,6,03L253010G,Turbina VW TIGUAN VAN 2.0 TDI 103 CP - Recondiţionată,In stock,,,
1572,6,03L253010G,Turbina VW TOURAN 2.0 TDI 81 CP - Recondiţionată,In stock,,,
1573,6,03L253010G,Turbina VW TOURAN 2.0 TDI 103 CP - Recondiţionată,In stock,,,
1574,6,03L253010G,Turbina VW TOURAN Box Body/MPV 2.0 TDI 103 CP - Recondiţionată,In stock,,,
1575,10,03L253010D,Turbina AUDI A3 2.0 TDI 125 CP - Recondiţionată,In stock,,,
1576,10,03L253010D,Turbina AUDI A3 2.0 TDI quattro 125 CP - Recondiţionată,In stock,,,
1577,10,03L253010D,Turbina AUDI A3 Sportback 2.0 TDI quattro 125 CP - Recondiţionată,In stock,,,
1578,10,03L253010D,Turbina AUDI A3 Sportback 2.0 TDI 125 CP - Recondiţionată,In stock,,,
1579,10,03L253010D,Turbina AUDI TT 2.0 TDI quattro 125 CP - Recondiţionată,In stock,,,
1580,10,03L253010D,Turbina AUDI TT Roadster 2.0 TDI quattro 125 CP - Recondiţionată,In stock,,,
1581,10,03L253010D,Turbina SEAT ALTEA 2.0 TDI 125 CP - Recondiţionată,In stock,,,
1582,10,03L253010D,Turbina SEAT ALTEA XL 2.0 TDI 4x4 125 CP - Recondiţionată,In stock,,,
1583,10,03L253010D,Turbina SEAT ALTEA XL 2.0 TDI 125 CP - Recondiţionată,In stock,,,
1584,10,03L253010D,Turbina SEAT LEON 2.0 TDI 125 CP - Recondiţionată,In stock,,,
1585,10,03L253010D,Turbina SEAT TOLEDO III 2.0 TDI 125 CP - Recondiţionată,In stock,,,
1586,10,03L253010D,Turbina SKODA OCTAVIA II 2.0 TDI RS 125 CP - Recondiţionată,In stock,,,
1587,10,03L253010D,Turbina SKODA OCTAVIA II Combi 2.0 TDI RS 125 CP - Recondiţionată,In stock,,,
1588,10,03L253010D,Turbina SKODA SUPERB II 2.0 TDI 125 CP - Recondiţionată,In stock,,,
1589,10,03L253010D,Turbina SKODA SUPERB II 2.0 TDI 4x4 125 CP - Recondiţionată,In stock,,,
1590,10,03L253010D,Turbina SKODA SUPERB II Estate 2.0 TDI 4x4 125 CP - Recondiţionată,In stock,,,
1591,10,03L253010D,Turbina SKODA SUPERB II Estate 2.0 TDI 125 CP - Recondiţionată,In stock,,,
1592,10,03L253010D,Turbina SKODA YETI 2.0 TDI 4x4 125 CP - Recondiţionată,In stock,,,
1593,10,03L253010D,Turbina VW GOLF VI 2.0 TDI 125 CP - Recondiţionată,In stock,,,
1594,10,03L253010D,Turbina VW JETTA III 2.0 TDI 125 CP - Recondiţionată,In stock,,,
1595,10,03L253010D,Turbina VW PASSAT B6 2.0 TDI 125 CP - Recondiţionată,In stock,,,
1596,10,03L253010D,Turbina VW PASSAT B6 2.0 TDI 4motion 125 CP - Recondiţionată,In stock,,,
1597,10,03L253010D,Turbina VW PASSAT B6 Variant 2.0 TDI 125 CP - Recondiţionată,In stock,,,
1598,10,03L253010D,Turbina VW PASSAT B6 Variant 2.0 TDI 4motion 125 CP - Recondiţionată,In stock,,,
1599,10,03L253010D,Turbina VW PASSAT CC B6 2.0 TDI 4motion 125 CP - Recondiţionată,In stock,,,
1600,10,03L253010D,Turbina VW PASSAT CC B6 2.0 TDI 125 CP - Recondiţionată,In stock,,,
1601,10,03L253010D,Turbina VW SCIROCCO III 2.0 TDI 125 CP - Recondiţionată,In stock,,,
1602,10,03L253010D,Turbina VW TIGUAN 2.0 TDI 4motion 120 CP - Recondiţionată,In stock,,,
1603,10,03L253010D,Turbina VW TIGUAN 2.0 TDI 4motion 125 CP - Recondiţionată,In stock,,,
1604,11,04L253020A,Turbina AUDI A1 1.6 TDI 77 CP - Recondiţionată,In stock,,,
1605,11,04L253020A,Turbina AUDI A1 Sportback 1.6 TDI 77 CP - Recondiţionată,In stock,,,
1606,11,04L253020A,Turbina AUDI A3 1.6 TDI 77 CP - Recondiţionată,In stock,,,
1607,11,04L253020A,Turbina AUDI A3 1.6 TDI 77 CP - Recondiţionată,In stock,,,
1608,11,04L253020A,Turbina AUDI A3 1.6 TDI 81 CP - Recondiţionată,In stock,,,
1609,11,04L253020A,Turbina AUDI ASeria 3 Cabrio 1.6 TDI 77 CP - Recondiţionată,In stock,,,
1610,11,04L253020A,Turbina AUDI ASeria 3 Cabrio 1.6 TDI 81 CP - Recondiţionată,In stock,,,
1611,11,04L253020A,Turbina AUDI A3 Limousine 1.6 TDI quattro 81 CP - Recondiţionată,In stock,,,
1612,11,04L253020A,Turbina AUDI A3 Limousine 1.6 TDI 81 CP - Recondiţionată,In stock,,,
1613,11,04L253020A,Turbina AUDI A3 Limousine 1.6 TDI 77 CP - Recondiţionată,In stock,,,
1614,11,04L253020A,Turbina AUDI A3 Sportback 1.6 TDI 77 CP - Recondiţionată,In stock,,,
1615,11,04L253020A,Turbina AUDI A3 Sportback 1.6 TDI quattro 81 CP - Recondiţionată,In stock,,,
1616,11,04L253020A,Turbina AUDI A3 Sportback 1.6 TDI 81 CP - Recondiţionată,In stock,,,
1617,11,04L253020A,Turbina AUDI A3 Sportback 1.6 TDI 77 CP - Recondiţionată,In stock,,,
1618,11,04L253020A,Turbina VW BEETLE 1.6 TDI 77 CP - Recondiţionată,In stock,,,
1619,11,04L253020A,Turbina VW BEETLE Cabrio 1.6 TDI 77 CP - Recondiţionată,In stock,,,
1620,11,04L253020A,Turbina VW CADDY ALLTRACK IV Box Body/MPV 1.6 TDI 75 CP - Recondiţionată,In stock,,,
1621,11,04L253020A,Turbina VW CADDY ALLTRACK IV MPV 1.6 TDI 75 CP - Recondiţionată,In stock,,,
1622,11,04L253020A,Turbina VW CADDY III Box Body/MPV 1.6 TDI 75 CP - Recondiţionată,In stock,,,
1623,11,04L253020A,Turbina VW CADDY III MPV 1.6 TDI 75 CP - Recondiţionată,In stock,,,
1624,11,04L253020A,Turbina VW CADDY IV Box Body/MPV 1.6 TDI 75 CP - Recondiţionată,In stock,,,
1625,11,04L253020A,Turbina VW CADDY IV MPV 1.6 TDI 75 CP - Recondiţionată,In stock,,,
1626,11,04L253020A,Turbina VW GOLF ALLTRACK VII Variant 1.6 TDI 4motion 81 CP - Recondiţionată,In stock,,,
1627,11,04L253020A,Turbina VW GOLF PLUS V 1.6 TDI 77 CP - Recondiţionată,In stock,,,
1628,11,04L253020A,Turbina VW GOLF PLUS Van 1.6 TDi 77 CP - Recondiţionată,In stock,,,
1629,11,04L253020A,Turbina VW GOLF SPORTSVAN VII 1.6 TDI 81 CP - Recondiţionată,In stock,,,
1630,11,04L253020A,Turbina VW GOLF VAN VI Variant 1.6 TDi 77 CP - Recondiţionată,In stock,,,
1631,11,04L253020A,Turbina VW GOLF VAN VII Variant 1.6 TDi 77 CP - Recondiţionată,In stock,,,
1632,11,04L253020A,Turbina VW GOLF VAN VII Variant 1.6 TDi 4motion 77 CP - Recondiţionată,In stock,,,
1633,11,04L253020A,Turbina VW GOLF VAN VII Variant 1.6 TDi 81 CP - Recondiţionată,In stock,,,
1634,11,04L253020A,Turbina VW GOLF VI 1.6 TDI 77 CP - Recondiţionată,In stock,,,
1635,11,04L253020A,Turbina VW GOLF VI Cabrio 1.6 TDI 77 CP - Recondiţionată,In stock,,,
1636,11,04L253020A,Turbina VW GOLF VI Van 1.6 TDi 77 CP - Recondiţionată,In stock,,,
1637,11,04L253020A,Turbina VW GOLF VI Variant 1.6 TDI 77 CP - Recondiţionată,In stock,,,
1638,11,04L253020A,Turbina VW GOLF VI Variant 1.6 TDI 4motion 77 CP - Recondiţionată,In stock,,,
1639,11,04L253020A,Turbina VW GOLF VII 1.6 TDI 4motion 81 CP - Recondiţionată,In stock,,,
1640,11,04L253020A,Turbina VW GOLF VII 1.6 TDI 77 CP - Recondiţionată,In stock,,,
1641,11,04L253020A,Turbina VW GOLF VII 1.6 TDI 81 CP - Recondiţionată,In stock,,,
1642,11,04L253020A,Turbina VW GOLF VII 1.6 TDI 4motion 77 CP - Recondiţionată,In stock,,,
1643,11,04L253020A,Turbina VW GOLF VII Van 1.6 TDi 81 CP - Recondiţionată,In stock,,,
1644,11,04L253020A,Turbina VW GOLF VII Van 1.6 TDi 77 CP - Recondiţionată,In stock,,,
1645,11,04L253020A,Turbina VW GOLF VII Variant 1.6 TDI 77 CP - Recondiţionată,In stock,,,
1646,11,04L253020A,Turbina VW GOLF VII Variant 1.6 TDI 4motion 77 CP - Recondiţionată,In stock,,,
1647,11,04L253020A,Turbina VW GOLF VII Variant 1.6 TDI 81 CP - Recondiţionată,In stock,,,
1648,11,04L253020A,Turbina VW GOLF VII Variant 1.6 TDI 4motion 81 CP - Recondiţionată,In stock,,,
1649,11,04L253020A,Turbina VW JETTA III 1.6 TDI 77 CP - Recondiţionată,In stock,,,
1650,11,04L253020A,Turbina VW JETTA IV 1.6 TDI 77 CP - Recondiţionată,In stock,,,
1651,11,04L253020A,Turbina VW PASSAT B6 1.6 TDI 77 CP - Recondiţionată,In stock,,,
1652,11,04L253020A,Turbina VW PASSAT B6 Variant 1.6 TDI 77 CP - Recondiţionată,In stock,,,
1653,11,04L253020A,Turbina VW PASSAT B7 1.6 TDI 77 CP - Recondiţionată,In stock,,,
1654,11,04L253020A,Turbina VW PASSAT B7 Estate Van 1.6 TDI 77 CP - Recondiţionată,In stock,,,
1655,11,04L253020A,Turbina VW PASSAT B7 Variant 1.6 TDI 77 CP - Recondiţionată,In stock,,,
1656,11,04L253020A,Turbina VW POLO V 1.6 TDI 77 CP - Recondiţionată,In stock,,,
1657,11,04L253020A,Turbina VW POLO V Hatchback Van 1.6 TDi 77 CP - Recondiţionată,In stock,,,
1658,11,04L253020A,Turbina VW TOURAN 1.6 TDI 77 CP - Recondiţionată,In stock,,,
1659,11,04L253020A,Turbina VW TOURAN 1.6 TDI 81 CP - Recondiţionată,In stock,,,
1660,11,04L253020A,Turbina VW TOURAN Box Body/MPV 1.6 TDI 77 CP - Recondiţionată,In stock,,,
1661,12,04L253010L,Turbina AUDI A4 Allroad B8 2.0 TDI quattro 140 CP - Recondiţionată,In stock,,,
1662,12,04L253010L,Turbina AUDI A4 B8 2.0 TDI quattro 140 CP - Recondiţionată,In stock,,,
1663,12,04L253010L,Turbina AUDI A4 B8 2.0 TDI 140 CP - Recondiţionată,In stock,,,
1664,12,04L253010L,Turbina AUDI A4 B8 Avant 2.0 TDI quattro 140 CP - Recondiţionată,In stock,,,
1665,12,04L253010L,Turbina AUDI A4 B8 Avant 2.0 TDI 140 CP - Recondiţionată,In stock,,,
1666,12,04L253010L,Turbina AUDI A4 B9 2.0 TDI 140 CP - Recondiţionată,In stock,,,
1667,12,04L253010L,Turbina AUDI A4 B9 2.0 TDI quattro 140 CP - Recondiţionată,In stock,,,
1668,12,04L253010L,Turbina AUDI A5 2.0 TDI 140 CP - Recondiţionată,In stock,,,
1669,12,04L253010L,Turbina AUDI A5 2.0 TDI quattro 140 CP - Recondiţionată,In stock,,,
1670,12,04L253010L,Turbina AUDI A5 Cabrio 2.0 TDI 140 CP - Recondiţionată,In stock,,,
1671,12,04L253010L,Turbina AUDI A5 Cabrio 2.0 TDI quattro 140 CP - Recondiţionată,In stock,,,
1672,12,04L253010L,Turbina AUDI A5 Sportback 2.0 TDI 140 CP - Recondiţionată,In stock,,,
1673,12,04L253010L,Turbina AUDI A5 Sportback 2.0 TDI quattro 140 CP - Recondiţionată,In stock,,,
1674,12,04L253010L,Turbina AUDI A6 C7 2.0 TDI 140 CP - Recondiţionată,In stock,,,
1675,12,04L253010L,Turbina AUDI A6 C7 2.0 TDI quattro 140 CP - Recondiţionată,In stock,,,
1676,12,04L253010L,Turbina AUDI A6 C7 Avant 2.0 TDI quattro 140 CP - Recondiţionată,In stock,,,
1677,12,04L253010L,Turbina AUDI A6 C7 Avant 2.0 TDI 140 CP - Recondiţionată,In stock,,,
1678,12,04L253010L,Turbina AUDI Q5 2.0 TDI quattro 140 CP - Recondiţionată,In stock,,,
1679,12,04L253010L,Turbina AUDI Q5 2.0 TDI 140 CP - Recondiţionată,In stock,,,
1680,13,11652287498,Turbina BMW Seria 1 120 d 145 CP - Recondiţionată,In stock,,,
1681,13,11652287498,Turbina BMW Seria 1 120 d 130 CP - Recondiţionată,In stock,,,
1682,13,11652287498,Turbina BMW Seria 1 120 d 120 CP - Recondiţionată,In stock,,,
1683,13,11652287498,Turbina BMW Seria 1 120 d 130 CP - Recondiţionată,In stock,,,
1684,13,11652287498,Turbina BMW Seria 1 120 d 120 CP - Recondiţionată,In stock,,,
1685,13,11652287498,Turbina BMW Seria 1 Cabrio 120 d 130 CP - Recondiţionată,In stock,,,
1686,13,11652287498,Turbina BMW Seria 1 Cabrio 120 d 120 CP - Recondiţionată,In stock,,,
1687,13,11652287498,Turbina BMW Seria 1 Cabrio 120 d 145 CP - Recondiţionată,In stock,,,
1688,13,11652287498,Turbina BMW Seria 1 Coupe 120 d 145 CP - Recondiţionată,In stock,,,
1689,13,11652287498,Turbina BMW Seria 1 Coupe 120 d 130 CP - Recondiţionată,In stock,,,
1690,13,11652287498,Turbina BMW Seria 1 Coupe 120 d 120 CP - Recondiţionată,In stock,,,
1691,13,11652287498,Turbina BMW Seria 3 320 d 120 CP - Recondiţionată,In stock,,,
1692,13,11652287498,Turbina BMW Seria 3 320 d 130 CP - Recondiţionată,In stock,,,
1693,13,11652287498,Turbina BMW Seria 3 320 d xDrive 130 CP - Recondiţionată,In stock,,,
1694,13,11652287498,Turbina BMW Seria 3 320 d xDrive 120 CP - Recondiţionată,In stock,,,
1695,13,11652287498,Turbina BMW Seria 3 Cabrio 320 d 120 CP - Recondiţionată,In stock,,,
1696,13,11652287498,Turbina BMW Seria 3 Cabrio 320 d 130 CP - Recondiţionată,In stock,,,
1697,13,11652287498,Turbina BMW Seria 3 Cabrio 320 d 145 CP - Recondiţionată,In stock,,,
1698,13,11652287498,Turbina BMW Seria 3 Coupe 320 d 145 CP - Recondiţionată,In stock,,,
1699,13,11652287498,Turbina BMW Seria 3 Coupe 320 d 130 CP - Recondiţionată,In stock,,,
1700,13,11652287498,Turbina BMW Seria 3 Coupe 320 d xDrive 120 CP - Recondiţionată,In stock,,,
1701,13,11652287498,Turbina BMW Seria 3 Coupe 320 d xDrive 145 CP - Recondiţionată,In stock,,,
1702,13,11652287498,Turbina BMW Seria 3 Coupe 320 d xDrive 130 CP - Recondiţionată,In stock,,,
1703,13,11652287498,Turbina BMW Seria 3 Coupe 320 d 120 CP - Recondiţionată,In stock,,,
1704,13,11652287498,Turbina BMW Seria 3 Break 320 d xDrive 145 CP - Recondiţionată,In stock,,,
1705,13,11652287498,Turbina BMW Seria 3 Break 320 d 120 CP - Recondiţionată,In stock,,,
1706,13,11652287498,Turbina BMW Seria 3 Break 320 d xDrive 120 CP - Recondiţionată,In stock,,,
1707,13,11652287498,Turbina BMW Seria 3 Break 320 d 130 CP - Recondiţionată,In stock,,,
1708,13,11652287498,Turbina BMW Seria 3 Break 320 d xDrive 130 CP - Recondiţionată,In stock,,,
1709,13,11652287498,Turbina BMW Seria 3 Break 320 d 145 CP - Recondiţionată,In stock,,,
1710,13,11652287498,Turbina BMW Seria 5 520 d 130 CP - Recondiţionată,In stock,,,
1711,13,11652287498,Turbina BMW Seria 5 520 d 120 CP - Recondiţionată,In stock,,,
1712,13,11652287498,Turbina BMW 5 Break 520 d 120 CP - Recondiţionată,In stock,,,
1713,13,11652287498,Turbina BMW 5 Break 520 d 130 CP - Recondiţionată,In stock,,,
1714,13,11652287498,Turbina BMW X1 sDrive 20 d 130 CP - Recondiţionată,In stock,,,
1715,13,11652287498,Turbina BMW X1 xDrive 20 d 130 CP - Recondiţionată,In stock,,,
1716,13,11652287498,Turbina BMW X1 xDrive 20 d 120 CP - Recondiţionată,In stock,,,
1717,13,11652287498,Turbina BMW X3 xDrive 18 d 105 CP - Recondiţionată,In stock,,,
1718,13,11652287498,Turbina BMW X3 2.0 sd 130 CP - Recondiţionată,In stock,,,
1719,13,11652287498,Turbina BMW X3 xDrive 18 d 100 CP - Recondiţionată,In stock,,,
1720,13,11652287498,Turbina BMW X3 xDrive 20 d 130 CP - Recondiţionată,In stock,,,
1721,13,11652287498,Turbina BMW X3 xDrive 20 d 120 CP - Recondiţionată,In stock,,,
1722,13,11652287498,Turbina BMW X3 sDrive 18 d 100 CP - Recondiţionată,In stock,,,
1723,14,03G253010JV,Turbina AUDI A3 2.0 TDI 16V quattro 103 CP - Recondiţionată,In stock,,,
1724,14,03G253010JV,Turbina AUDI A3 2.0 TDI quattro 100 CP - Recondiţionată,In stock,,,
1725,14,03G253010JV,Turbina AUDI A3 2.0 TDI 100 CP - Recondiţionată,In stock,,,
1726,14,03G253010JV,Turbina AUDI A3 Sportback 2.0 TDI 16V 103 CP - Recondiţionată,In stock,,,
1727,14,03G253010JV,Turbina AUDI A3 Sportback 2.0 TDI 100 CP - Recondiţionată,In stock,,,
1728,14,03G253010JV,Turbina SEAT ALTEA 2.0 TDI 100 CP - Recondiţionată,In stock,,,
1729,14,03G253010JV,Turbina SEAT ALTEA 2.0 TDI 16V 103 CP - Recondiţionată,In stock,,,
1730,14,03G253010JV,Turbina SEAT ALTEA XL 2.0 TDI 100 CP - Recondiţionată,In stock,,,
1731,14,03G253010JV,Turbina SEAT LEON 2.0 TDI 16V 103 CP - Recondiţionată,In stock,,,
1732,14,03G253010JV,Turbina SEAT LEON 2.0 TDI 100 CP - Recondiţionată,In stock,,,
1733,14,03G253010JV,Turbina SKODA OCTAVIA II 2.0 TDI 16V 103 CP - Recondiţionată,In stock,,,
1734,14,03G253010JV,Turbina SKODA OCTAVIA II Combi 2.0 TDI 16V 103 CP - Recondiţionată,In stock,,,
1735,14,03G253010JV,Turbina VW GOLF PLUS V 2.0 TDI 100 CP - Recondiţionată,In stock,,,
1736,14,03G253010JV,Turbina VW GOLF V 2.0 TDI 100 CP - Recondiţionată,In stock,,,
1737,14,03G253010JV,Turbina VW GOLF V 2.0 TDI 16V 103 CP - Recondiţionată,In stock,,,
1738,14,03G253010JV,Turbina VW JETTA III 2.0 TDI 100 CP - Recondiţionată,In stock,,,
1739,14,03G253010JV,Turbina VW PASSAT B6 2.0 TDI 100 CP - Recondiţionată,In stock,,,
1740,14,03G253010JV,Turbina VW PASSAT B6 2.0 TDI 16V 4motion 103 CP - Recondiţionată,In stock,,,
1741,14,03G253010JV,Turbina VW PASSAT B6 Variant 2.0 TDI 16V 4motion 103 CP - Recondiţionată,In stock,,,
1742,14,03G253010JV,Turbina VW PASSAT B6 Variant 2.0 TDI 100 CP - Recondiţionată,In stock,,,
1743,14,03G253010JV,Turbina VW TOURAN 2.0 TDI 16V 103 CP - Recondiţionată,In stock,,,
1744,15,038253010C,Turbina AUDI A3 Sportback 1.9 TDI 77 CP - Recondiţionată,In stock,,,
1745,15,038253010C,Turbina SEAT ALTEA 1.9 TDI 77 CP - Recondiţionată,In stock,,,
1746,15,038253010C,Turbina SEAT ALTEA XL 1.9 TDI 77 CP - Recondiţionată,In stock,,,
1747,15,038253010C,Turbina SEAT LEON 1.9 TDI 77 CP - Recondiţionată,In stock,,,
1748,15,038253010C,Turbina SKODA OCTAVIA II 1.9 TDI 77 CP - Recondiţionată,In stock,,,
1749,15,038253010C,Turbina SKODA OCTAVIA II Combi 1.9 TDI 77 CP - Recondiţionată,In stock,,,
1750,15,038253010C,Turbina SKODA OCTAVIA II Combi 1.9 TDI 4x4 77 CP - Recondiţionată,In stock,,,
1751,15,038253010C,Turbina SKODA SUPERB II 1.9 TDI 77 CP - Recondiţionată,In stock,,,
1752,15,038253010C,Turbina SKODA SUPERB II Estate 1.9 TDI 77 CP - Recondiţionată,In stock,,,
1753,15,038253010C,Turbina VW CADDY III Box Body/MPV 1.9 TDI 77 CP - Recondiţionată,In stock,,,
1754,15,038253010C,Turbina VW CADDY III MPV 1.9 TDI 77 CP - Recondiţionată,In stock,,,
1755,15,038253010C,Turbina VW GOLF PLUS V 1.9 TDI 66 CP - Recondiţionată,In stock,,,
1756,15,038253010C,Turbina VW GOLF V 1.9 TDI 77 CP - Recondiţionată,In stock,,,
1757,15,038253010C,Turbina VW GOLF V 1.9 TDI 66 CP - Recondiţionată,In stock,,,
1758,15,038253010C,Turbina VW GOLF V Variant 1.9 TDI 77 CP - Recondiţionată,In stock,,,
1759,15,038253010C,Turbina VW PASSAT B6 Variant 1.9 TDI 77 CP - Recondiţionată,In stock,,,
1760,15,038253010C,Turbina VW TOURAN 1.9 TDI 74 CP - Recondiţionată,In stock,,,
1761,15,038253010C,Turbina VW TOURAN 1.9 TDI 66 CP - Recondiţionată,In stock,,,
1762,15,038253010C,Turbina VW TOURAN 1.9 TDI 77 CP - Recondiţionată,In stock,,,
1763,15,038253010C,Turbina VW TOURAN Box Body/MPV 1.9 TDI 66 CP - Recondiţionată,In stock,,,
1764,15,038253010C,Turbina VW TOURAN Box Body/MPV 1.9 TDI 77 CP - Recondiţionată,In stock,,,
1765,16,2823127400,Turbina HYUNDAI ELANTRA III 2.0 CRDi 83 CP - Recondiţionată,In stock,,,
1766,16,2823127400,Turbina HYUNDAI ELANTRA III Saloon 2.0 CRDi 83 CP - Recondiţionată,In stock,,,
1767,16,2823127400,Turbina HYUNDAI HIGHWAY VAN 2.0 CRDi 83 CP - Recondiţionată,In stock,,,
1768,16,2823127400,Turbina HYUNDAI SANTA FÉ I 2.0 CRDi 83 CP - Recondiţionată,In stock,,,
1769,16,2823127400,Turbina HYUNDAI SANTA FÉ I 2.0 CRDi All-wheel Drive 107 CP - Recondiţionată,In stock,,,
1770,16,2823127400,Turbina HYUNDAI TRAJET 2.0 CRDi 83 CP - Recondiţionată,In stock,,,
1771,16,2823127400,Turbina HYUNDAI TUCSON 2.0 CRDi All-wheel Drive 103 CP - Recondiţionată,In stock,,,
1772,16,2823127400,Turbina HYUNDAI TUCSON 2.0 CRDi 103 CP - Recondiţionată,In stock,,,
1773,16,2823127400,Turbina HYUNDAI TUCSON 2.0 CRDi All-wheel Drive 83 CP - Recondiţionată,In stock,,,
1774,16,2823127400,Turbina HYUNDAI TUCSON 2.0 CRDi 83 CP - Recondiţionată,In stock,,,
1775,16,2823127400,Turbina HYUNDAI TUCSON 2.0 CRDi All-wheel Drive 110 CP - Recondiţionată,In stock,,,
1776,16,2823127400,Turbina HYUNDAI TUCSON 2.0 CRDi 100 CP - Recondiţionată,In stock,,,
1777,16,2823127400,Turbina HYUNDAI TUCSON 2.0 CRDi All-wheel Drive 88 CP - Recondiţionată,In stock,,,
1778,16,2823127400,Turbina HYUNDAI TUCSON 2.0 CRDi All-wheel Drive 100 CP - Recondiţionată,In stock,,,
1779,16,2823127400,Turbina HYUNDAI TUCSON 2.0 CRDi 110 CP - Recondiţionată,In stock,,,
1780,16,2823127400,Turbina HYUNDAI TUCSON 2.0 CRDi 88 CP - Recondiţionată,In stock,,,
1781,16,2823127400,Turbina HYUNDAI TUCSON SUV Van CRDi VGT 110 CP - Recondiţionată,In stock,,,
1782,16,2823127400,Turbina HYUNDAI TUCSON SUV Van CRDi 103 CP - Recondiţionată,In stock,,,
1783,16,2823127400,Turbina KIA CARENS I MPV 2.0 CRDi 103 CP - Recondiţionată,In stock,,,
1784,16,2823127400,Turbina KIA MAGENTIS II 2.0 CRDi 100 CP - Recondiţionată,In stock,,,
1785,16,2823127400,Turbina KIA SPORTAGE II 2.0 CRDi 110 CP - Recondiţionată,In stock,,,
1786,16,2823127400,Turbina KIA SPORTAGE II 2.0 CRDi 4WD 83 CP - Recondiţionată,In stock,,,
1787,16,2823127400,Turbina KIA SPORTAGE II 2.0 CRDi 4WD 103 CP - Recondiţionată,In stock,,,
1788,16,2823127400,Turbina KIA SPORTAGE II 2.0 CRDi 83 CP - Recondiţionată,In stock,,,
1789,16,2823127400,Turbina KIA SPORTAGE II 2.0 CRDi 103 CP - Recondiţionată,In stock,,,
1790,16,2823127400,Turbina KIA SPORTAGE II 2.0 CRDi 4WD 110 CP - Recondiţionată,In stock,,,
1791,16,2823127400,Turbina KIA SPORTAGE II 2.0 CRDi 100 CP - Recondiţionată,In stock,,,
1792,16,2823127400,Turbina KIA SPORTAGE II 2.0 CRDi 4WD 100 CP - Recondiţionată,In stock,,,
1793,16,2823127400,Turbina KIA SPORTAGE II VAN 2.0 CRDi 110 CP - Recondiţionată,In stock,,,
1794,16,2823127400,Turbina KIA SPORTAGE II VAN 2.0 CRDi 4WD 110 CP - Recondiţionată,In stock,,,
1795,17,038253019J,Turbina AUDI A3 1.9 TDI 77 CP - Recondiţionată,In stock,,,
1796,17,038253019J,Turbina AUDI A3 Sportback 1.9 TDI 77 CP - Recondiţionată,In stock,,,
1797,17,038253019J,Turbina SEAT ALTEA 1.9 TDI 77 CP - Recondiţionată,In stock,,,
1798,17,038253019J,Turbina SEAT ALTEA 1.9 TDI 66 CP - Recondiţionată,In stock,,,
1799,17,038253019J,Turbina SEAT ALTEA XL 1.9 TDI 77 CP - Recondiţionată,In stock,,,
1800,17,038253019J,Turbina SEAT ALTEA XL 1.9 TDI 66 CP - Recondiţionată,In stock,,,
1801,17,038253019J,Turbina SEAT LEON 1.9 TDI 66 CP - Recondiţionată,In stock,,,
1802,17,038253019J,Turbina SEAT LEON 1.9 TDI 77 CP - Recondiţionată,In stock,,,
1803,17,038253019J,Turbina SEAT TOLEDO III 1.9 TDI 77 CP - Recondiţionată,In stock,,,
1804,17,038253019J,Turbina SKODA OCTAVIA II 1.9 TDI 77 CP - Recondiţionată,In stock,,,
1805,17,038253019J,Turbina SKODA OCTAVIA II Combi 1.9 TDI 77 CP - Recondiţionată,In stock,,,
1806,17,038253019J,Turbina SKODA OCTAVIA II Combi 1.9 TDI 4x4 77 CP - Recondiţionată,In stock,,,
1807,17,038253019J,Turbina SKODA SUPERB II 1.9 TDI 77 CP - Recondiţionată,In stock,,,
1808,17,038253019J,Turbina SKODA SUPERB II Estate 1.9 TDI 77 CP - Recondiţionată,In stock,,,
1809,17,038253019J,Turbina VW CADDY III Box Body/MPV 1.9 TDI 77 CP - Recondiţionată,In stock,,,
1810,17,038253019J,Turbina VW CADDY III MPV 1.9 TDI 77 CP - Recondiţionată,In stock,,,
1811,17,038253019J,Turbina VW GOLF PLUS V 1.9 TDI 66 CP - Recondiţionată,In stock,,,
1812,17,038253019J,Turbina VW GOLF PLUS V 1.9 TDI 77 CP - Recondiţionată,In stock,,,
1813,17,038253019J,Turbina VW GOLF V 1.9 TDI 77 CP - Recondiţionată,In stock,,,
1814,17,038253019J,Turbina VW GOLF V 1.9 TDI 4motion 77 CP - Recondiţionată,In stock,,,
1815,17,038253019J,Turbina VW GOLF V 1.9 TDI 66 CP - Recondiţionată,In stock,,,
1816,17,038253019J,Turbina VW GOLF V Variant 1.9 TDI 77 CP - Recondiţionată,In stock,,,
1817,17,038253019J,Turbina VW JETTA III 1.9 TDI 77 CP - Recondiţionată,In stock,,,
1818,17,038253019J,Turbina VW PASSAT B6 1.9 TDI 77 CP - Recondiţionată,In stock,,,
1819,17,038253019J,Turbina VW PASSAT B6 Variant 1.9 TDI 77 CP - Recondiţionată,In stock,,,
1820,17,038253019J,Turbina VW TOURAN 1.9 TDI 74 CP - Recondiţionată,In stock,,,
1821,17,038253019J,Turbina VW TOURAN 1.9 TDI 66 CP - Recondiţionată,In stock,,,
1822,17,038253019J,Turbina VW TOURAN 1.9 TDI 77 CP - Recondiţionată,In stock,,,
1823,17,038253019J,Turbina VW TOURAN Box Body/MPV 1.9 TDI 77 CP - Recondiţionată,In stock,,,
1824,18,070145701RV,Turbina VW CALIFORNIA T5 Camper 2.5 TDI 96 CP - Recondiţionată,In stock,,,
1825,18,070145701RV,Turbina VW CALIFORNIA T5 Camper 2.5 TDI 4motion 96 CP - Recondiţionată,In stock,,,
1826,18,070145701RV,Turbina VW MULTIVAN T5 2.5 TDI 96 CP - Recondiţionată,In stock,,,
1827,18,070145701RV,Turbina VW MULTIVAN T5 2.5 TDI 4motion 96 CP - Recondiţionată,In stock,,,
1828,18,070145701RV,Turbina VW TRANSPORTER T5 Bus 2.5 TDI 4motion 96 CP - Recondiţionată,In stock,,,
1829,18,070145701RV,Turbina VW TRANSPORTER T5 Bus 2.5 TDI 96 CP - Recondiţionată,In stock,,,
1830,18,070145701RV,"Turbina VW TRANSPORTER T5 Platform/Chassis (7JD, 7JE, 7JL, 7JY, 7JZ, 7F 2.5 TDI 4motion 96 CP - Recondiţionată",In stock,,,
1831,18,070145701RV,"Turbina VW TRANSPORTER T5 Platform/Chassis (7JD, 7JE, 7JL, 7JY, 7JZ, 7F 2.5 TDI 96 CP - Recondiţionată",In stock,,,
1832,18,070145701RV,Turbina VW TRANSPORTER T5 Van 2.5 TDI 4motion 96 CP - Recondiţionată,In stock,,,
1833,18,070145701RV,Turbina VW TRANSPORTER T5 Van 2.5 TDI 96 CP - Recondiţionată,In stock,,,
1834,19,BV43B-0133,Turbina AUDI A4 Allroad B8 2.0 TDI quattro 100 CP - Recondiţionată,In stock,,,
1835,19,BV43B-0133,Turbina AUDI A4 Allroad B8 2.0 TDI quattro 125 CP - Recondiţionată,In stock,,,
1836,19,BV43B-0133,Turbina AUDI A4 Allroad B8 2.0 TDI quattro 120 CP - Recondiţionată,In stock,,,
1837,19,BV43B-0133,Turbina AUDI A4 Allroad B8 2.0 TDI quattro 105 CP - Recondiţionată,In stock,,,
1838,19,BV43B-0133,Turbina AUDI A4 B8 2.0 TDI 88 CP - Recondiţionată,In stock,,,
1839,19,BV43B-0133,Turbina AUDI A4 B8 2.0 TDI 125 CP - Recondiţionată,In stock,,,
1840,19,BV43B-0133,Turbina AUDI A4 B8 2.0 TDI 100 CP - Recondiţionată,In stock,,,
1841,19,BV43B-0133,Turbina AUDI A4 B8 2.0 TDI quattro 105 CP - Recondiţionată,In stock,,,
1842,19,BV43B-0133,Turbina AUDI A4 B8 2.0 TDI quattro 125 CP - Recondiţionată,In stock,,,
1843,19,BV43B-0133,Turbina AUDI A4 B8 2.0 TDI 105 CP - Recondiţionată,In stock,,,
1844,19,BV43B-0133,Turbina AUDI A4 B8 2.0 TDI 120 CP - Recondiţionată,In stock,,,
1845,19,BV43B-0133,Turbina AUDI A4 B8 Avant 2.0 TDI quattro 125 CP - Recondiţionată,In stock,,,
1846,19,BV43B-0133,Turbina AUDI A4 B8 Avant 2.0 TDI 105 CP - Recondiţionată,In stock,,,
1847,19,BV43B-0133,Turbina AUDI A4 B8 Avant 2.0 TDI 100 CP - Recondiţionată,In stock,,,
1848,19,BV43B-0133,Turbina AUDI A4 B8 Avant 2.0 TDI 120 CP - Recondiţionată,In stock,,,
1849,19,BV43B-0133,Turbina AUDI A4 B8 Avant 2.0 TDI quattro 105 CP - Recondiţionată,In stock,,,
1850,19,BV43B-0133,Turbina AUDI A4 B8 Avant 2.0 TDI 125 CP - Recondiţionată,In stock,,,
1851,19,BV43B-0133,Turbina AUDI A4 B8 Avant 2.0 TDI 88 CP - Recondiţionată,In stock,,,
1852,19,BV43B-0133,Turbina AUDI A5 2.0 TDI 125 CP - Recondiţionată,In stock,,,
1853,19,BV43B-0133,Turbina AUDI A5 2.0 TDI quattro 125 CP - Recondiţionată,In stock,,,
1854,19,BV43B-0133,Turbina AUDI A5 2.0 TDI 120 CP - Recondiţionată,In stock,,,
1855,19,BV43B-0133,Turbina AUDI A5 Cabrio 2.0 TDI 125 CP - Recondiţionată,In stock,,,
1856,19,BV43B-0133,Turbina AUDI A5 Cabrio 2.0 TDI 120 CP - Recondiţionată,In stock,,,
1857,19,BV43B-0133,Turbina AUDI A5 Cabrio 2.0 TDI 105 CP - Recondiţionată,In stock,,,
1858,19,BV43B-0133,Turbina AUDI A5 Sportback 2.0 TDI 100 CP - Recondiţionată,In stock,,,
1859,19,BV43B-0133,Turbina AUDI A5 Sportback 2.0 TDI quattro 125 CP - Recondiţionată,In stock,,,
1860,19,BV43B-0133,Turbina AUDI A5 Sportback 2.0 TDI 105 CP - Recondiţionată,In stock,,,
1861,19,BV43B-0133,Turbina AUDI A5 Sportback 2.0 TDI 120 CP - Recondiţionată,In stock,,,
1862,19,BV43B-0133,Turbina AUDI A5 Sportback 2.0 TDI 125 CP - Recondiţionată,In stock,,,
1863,19,BV43B-0133,Turbina AUDI A6 C6 2.0 TDI 120 CP - Recondiţionată,In stock,,,
1864,19,BV43B-0133,Turbina AUDI A6 C6 2.0 TDI 125 CP - Recondiţionată,In stock,,,
1865,19,BV43B-0133,Turbina AUDI A6 C6 2.0 TDI 100 CP - Recondiţionată,In stock,,,
1866,19,BV43B-0133,Turbina AUDI A6 C6 Avant 2.0 TDI 120 CP - Recondiţionată,In stock,,,
1867,19,BV43B-0133,Turbina AUDI A6 C6 Avant 2.0 TDI 100 CP - Recondiţionată,In stock,,,
1868,19,BV43B-0133,Turbina AUDI A6 C6 Avant 2.0 TDI 125 CP - Recondiţionată,In stock,,,
1869,19,BV43B-0133,Turbina AUDI Q5 2.0 TDI 100 CP - Recondiţionată,In stock,,,
1870,19,BV43B-0133,Turbina AUDI Q5 2.0 TDI quattro 125 CP - Recondiţionată,In stock,,,
1871,19,BV43B-0133,Turbina AUDI Q5 2.0 TDI quattro 100 CP - Recondiţionată,In stock,,,
1872,19,BV43B-0133,Turbina AUDI Q5 2.0 TDI 105 CP - Recondiţionată,In stock,,,
1873,19,BV43B-0133,Turbina AUDI Q5 2.0 TDI quattro 105 CP - Recondiţionată,In stock,,,
1874,19,BV43B-0133,Turbina AUDI Q5 2.0 TDI quattro 120 CP - Recondiţionată,In stock,,,
1875,19,BV43B-0133,Turbina AUDI Q5 Van 2.0 TDI quattro 125 CP - Recondiţionată,In stock,,,
1876,19,BV43B-0133,Turbina SEAT EXEO 2.0 TDI 125 CP - Recondiţionată,In stock,,,
1877,19,BV43B-0133,Turbina SEAT EXEO ST 2.0 TDI 125 CP - Recondiţionată,In stock,,,
1878,13,11652287498,Turbina BMW Seria 1 116 i 90 CP - Recondiţionată,In stock,,,
1879,13,11652287498,Turbina BMW Seria 1 120 i 125 CP - Recondiţionată,In stock,,,
1880,13,11652287498,Turbina BMW Seria 1 120 i 120 CP - Recondiţionată,In stock,,,
1881,13,11652287498,Turbina BMW Seria 1 118 i 105 CP - Recondiţionată,In stock,,,
1882,13,11652287498,Turbina BMW Seria 1 120 d 130 CP - Recondiţionată,In stock,,,
1883,13,11652287498,Turbina BMW Seria 1 120 d 120 CP - Recondiţionată,In stock,,,
1884,13,11652287498,Turbina BMW Seria 1 120 i 125 CP - Recondiţionată,In stock,,,
1885,13,11652287498,Turbina BMW Seria 1 118 i 105 CP - Recondiţionată,In stock,,,
1886,13,11652287498,Turbina BMW Seria 1 116 i 90 CP - Recondiţionată,In stock,,,
1887,13,11652287498,Turbina BMW Seria 1 Cabrio 120 d 130 CP - Recondiţionată,In stock,,,
1888,13,11652287498,Turbina BMW Seria 1 Cabrio 118 i 105 CP - Recondiţionată,In stock,,,
1889,13,11652287498,Turbina BMW Seria 1 Cabrio 120 d 120 CP - Recondiţionată,In stock,,,
1890,13,11652287498,Turbina BMW Seria 1 Cabrio 120 i 120 CP - Recondiţionată,In stock,,,
1891,13,11652287498,Turbina BMW Seria 1 Cabrio 120 d 145 CP - Recondiţionată,In stock,,,
1892,13,11652287498,Turbina BMW Seria 1 Cabrio 120 i 125 CP - Recondiţionată,In stock,,,
1893,13,11652287498,Turbina BMW Seria 1 Coupe 120 d 145 CP - Recondiţionată,In stock,,,
1894,13,11652287498,Turbina BMW Seria 1 Coupe 120 d 130 CP - Recondiţionată,In stock,,,
1895,13,11652287498,Turbina BMW Seria 1 Coupe 120 i 125 CP - Recondiţionată,In stock,,,
1896,13,11652287498,Turbina BMW Seria 1 Coupe 120 d 120 CP - Recondiţionată,In stock,,,
1897,13,11652287498,Turbina BMW Seria 3 320 d 120 CP - Recondiţionată,In stock,,,
1898,13,11652287498,Turbina BMW Seria 3 320 i 125 CP - Recondiţionată,In stock,,,
1899,13,11652287498,Turbina BMW Seria 3 320 d 130 CP - Recondiţionată,In stock,,,
1900,13,11652287498,Turbina BMW Seria 3 320 d xDrive 130 CP - Recondiţionată,In stock,,,
1901,13,11652287498,Turbina BMW Seria 3 318 i 105 CP - Recondiţionată,In stock,,,
1902,13,11652287498,Turbina BMW Seria 3 320 i 120 CP - Recondiţionată,In stock,,,
1903,13,11652287498,Turbina BMW Seria Seria 3 Cabrio 320 i 120 CP - Recondiţionată,In stock,,,
1904,13,11652287498,Turbina BMW Seria Seria 3 Cabrio 320 i 125 CP - Recondiţionată,In stock,,,
1905,13,11652287498,Turbina BMW Seria Seria 3 Cabrio 320 d 130 CP - Recondiţionată,In stock,,,
1906,13,11652287498,Turbina BMW Seria Seria 3 Cabrio 318 i 105 CP - Recondiţionată,In stock,,,
1907,13,11652287498,Turbina BMW Seria Seria 3 Cabrio 320 d 145 CP - Recondiţionată,In stock,,,
1908,13,11652287498,Turbina BMW Seria Seria 3 Cabrio 320 d 147 CP - Recondiţionată,In stock,,,
1909,13,11652287498,Turbina BMW Seria Seria 3 Coupe 320 d 145 CP - Recondiţionată,In stock,,,
1910,13,11652287498,Turbina BMW Seria Seria 3 Coupe 320 d 130 CP - Recondiţionată,In stock,,,
1911,13,11652287498,Turbina BMW Seria Seria 3 Coupe 320 d 147 CP - Recondiţionată,In stock,,,
1912,13,11652287498,Turbina BMW Seria Seria 3 Coupe 320 d xDrive 120 CP - Recondiţionată,In stock,,,
1913,13,11652287498,Turbina BMW Seria Seria 3 Coupe 320 d xDrive 145 CP - Recondiţionată,In stock,,,
1914,13,11652287498,Turbina BMW Seria Seria 3 Coupe 320 i 120 CP - Recondiţionată,In stock,,,
1915,13,11652287498,Turbina BMW Seria Seria 3 Coupe 320 i 125 CP - Recondiţionată,In stock,,,
1916,13,11652287498,Turbina BMW Seria Seria 3 Coupe 318 i 105 CP - Recondiţionată,In stock,,,
1917,13,11652287498,Turbina BMW Seria Seria 3 Coupe 320 d xDrive 147 CP - Recondiţionată,In stock,,,
1918,13,11652287498,Turbina BMW Seria Seria 3 Coupe 320 d xDrive 130 CP - Recondiţionată,In stock,,,
1919,13,11652287498,Turbina BMW Seria Seria 3 Break 320 d 147 CP - Recondiţionată,In stock,,,
1920,13,11652287498,Turbina BMW Seria Seria 3 Break 320 i 120 CP - Recondiţionată,In stock,,,
1921,13,11652287498,Turbina BMW Seria Seria 3 Break 320 d xDrive 145 CP - Recondiţionată,In stock,,,
1922,13,11652287498,Turbina BMW Seria Seria 3 Break 320 d 120 CP - Recondiţionată,In stock,,,
1923,13,11652287498,Turbina BMW Seria Seria 3 Break 320 d xDrive 120 CP - Recondiţionată,In stock,,,
1924,13,11652287498,Turbina BMW Seria Seria 3 Break 320 d 130 CP - Recondiţionată,In stock,,,
1925,13,11652287498,Turbina BMW Seria Seria 3 Break 320 d xDrive 130 CP - Recondiţionată,In stock,,,
1926,13,11652287498,Turbina BMW Seria Seria 3 Break 320 d xDrive 147 CP - Recondiţionată,In stock,,,
1927,13,11652287498,Turbina BMW Seria Seria 3 Break 320 i 125 CP - Recondiţionată,In stock,,,
1928,13,11652287498,Turbina BMW Seria Seria 3 Break 318 i 105 CP - Recondiţionată,In stock,,,
1929,13,11652287498,Turbina BMW Seria Seria 3 Break 320 d 145 CP - Recondiţionată,In stock,,,
1930,13,11652287498,Turbina BMW Seria 5 520 i 125 CP - Recondiţionată,In stock,,,
1931,13,11652287498,Turbina BMW Seria 5 520 i 120 CP - Recondiţionată,In stock,,,
1932,13,11652287498,Turbina BMW Seria 5 520 d 130 CP - Recondiţionată,In stock,,,
1933,13,11652287498,Turbina BMW Seria 5 520 d 120 CP - Recondiţionată,In stock,,,
1934,13,11652287498,Turbina BMW Seria 5 Break 520 i 125 CP - Recondiţionată,In stock,,,
1935,13,11652287498,Turbina BMW Seria 5 Break 520 i 120 CP - Recondiţionată,In stock,,,
1936,13,11652287498,Turbina BMW Seria 5 Break 520 d 120 CP - Recondiţionată,In stock,,,
1937,13,11652287498,Turbina BMW Seria 5 Break 520 d 130 CP - Recondiţionată,In stock,,,
1938,13,11652287498,Turbina BMW X1 sDrive 20 d 130 CP - Recondiţionată,In stock,,,
1939,13,11652287498,Turbina BMW X1 xDrive 20 d 130 CP - Recondiţionată,In stock,,,
1940,13,11652287498,Turbina BMW X1 xDrive 20 d 120 CP - Recondiţionată,In stock,,,
1941,13,11652287498,Turbina BMW X3 xDrive 18 d 105 CP - Recondiţionată,In stock,,,
1942,13,11652287498,Turbina BMW X3 2.0 sd 130 CP - Recondiţionată,In stock,,,
1943,13,11652287498,Turbina BMW X3 xDrive 20 d 130 CP - Recondiţionată,In stock,,,
1944,13,11652287498,Turbina BMW X3 2.0 d 110 CP - Recondiţionată,In stock,,,
1945,13,11652287498,Turbina BMW X3 xDrive 20 d 120 CP - Recondiţionată,In stock,,,
1946,13,11652287498,Turbina BMW X3 xDrive 20 d 120 CP - Recondiţionată,In stock,,,
