product_sku_id,sku,turbo_code_id,code
1,CF1AEF5F6D25,2,03F145701H VAG
1,CF1AEF5F6D25,11,03F145701H VW
1,CF1AEF5F6D25,3,03F145701HV VAG
1,CF1AEF5F6D25,4,03F145701HX VAG
1,CF1AEF5F6D25,5,03F145701K VAG
1,CF1AEF5F6D25,6,03F145701KV VAG
1,CF1AEF5F6D25,7,03F145701KX VAG
1,CF1AEF5F6D25,8,03F145701R VAG
1,CF1AEF5F6D25,9,03F145701RV VAG
1,CF1AEF5F6D25,10,03F145701RX VAG
1,CF1AEF5F6D25,1,9V202 ARTNR_Z_TCD
2,04L253010B,12,030TC11002000
2,04L253010B,17,04L253010B
2,04L253010B,18,04L253010BV
2,04L253010B,19,04L253010BX
2,04L253010B,20,04L253010T
2,04L253010B,21,04L253010TV
2,04L253010B,22,04L253010TX
2,04L253010B,23,04L253019Q
2,04L253010B,24,04L253019QV
2,04L253010B,25,04L253019QX
2,04L253010B,26,04L253020M
2,04L253010B,13,11002000
2,04L253010B,14,40002509
2,04L253010B,15,40006077
2,04L253010B,16,401TN100111
3,11657790326,69,11657790326
3,11657790326,70,11657790326G
3,11657790326,71,11657790326H
3,11657790326,72,11657790326K08
3,11657790326,73,11657790328
3,11657790326,74,11657790328D
3,11657790326,75,11657790328J
3,11657790326,76,11657790328K08
3,11657790326,77,11657794025
3,11657790326,27,728989*
3,11657790326,28,728989-0001
3,11657790326,29,728989-0002*
3,11657790326,30,728989-0003
3,11657790326,31,728989-0007
3,11657790326,32,728989-0009
3,11657790326,33,728989-0010
3,11657790326,34,728989-0015
3,11657790326,35,728989-0016
3,11657790326,36,728989-0018
3,11657790326,37,728989-0019
3,11657790326,38,728989-1
3,11657790326,39,728989-10
3,11657790326,40,728989-15
3,11657790326,41,728989-16
3,11657790326,42,728989-18
3,11657790326,43,728989-19
3,11657790326,44,728989-3
3,11657790326,45,728989-5001S
3,11657790326,46,728989-5002S*
3,11657790326,47,728989-5003*
3,11657790326,48,728989-5003S
3,11657790326,49,728989-5007*
3,11657790326,50,728989-5007S
3,11657790326,51,728989-5009*
3,11657790326,52,728989-5009S
3,11657790326,53,728989-5010*
3,11657790326,54,728989-5010S
3,11657790326,55,728989-5015*
3,11657790326,56,728989-5015S
3,11657790326,57,728989-5016*
3,11657790326,58,728989-5016S
3,11657790326,59,728989-5018*
3,11657790326,60,728989-5018S
3,11657790326,61,728989-5019*
3,11657790326,62,728989-5019S
3,11657790326,63,728989-7
3,11657790326,64,728989-9
3,11657790326,65,728989-9019S
3,11657790326,66,7289890022
3,11657790326,67,7289895022S
3,11657790326,68,7289899022S
3,11657790326,78,7790326
3,11657790326,79,7790326G
3,11657790326,80,7790326H
3,11657790326,81,7790326K08
3,11657790326,82,7790328
3,11657790326,83,7790328D
3,11657790326,84,7790328J
3,11657790326,85,7794025
3,11657790326,86,7794026
3,11657790326,87,7794027
3,11657790326,88,7794028
3,11657790326,89,7794029
3,11657790326,90,7794030
3,11657790326,91,7794031
4,0375J3,142,0375J3
4,0375J3,143,0375J6
4,0375J3,144,0375J7
4,0375J3,145,0375J8
4,0375J3,140,11657804903
4,0375J3,146,1231096
4,0375J3,155,1254337
4,0375J3,147,1319614
4,0375J3,156,1340133
4,0375J3,148,1355027
4,0375J3,149,1441253
4,0375J3,157,1465162
4,0375J3,178,1479055
4,0375J3,158,1789074
4,0375J3,179,31259243
4,0375J3,150,36000722
4,0375J3,151,3M5Q6K682AA
4,0375J3,152,3M5Q6K682AB
4,0375J3,159,3M5Q6K682AC
4,0375J3,160,3M5Q6K682AE
4,0375J3,161,3M5Q6K682AG
4,0375J3,162,3M5Q6K682AJ
4,0375J3,92,740821*
4,0375J3,93,740821-0001
4,0375J3,94,740821-0002
4,0375J3,95,740821-1
4,0375J3,96,740821-2
4,0375J3,97,740821-5001*
4,0375J3,98,740821-5001S
4,0375J3,99,740821-5002*
4,0375J3,100,740821-5002S
4,0375J3,101,750030*
4,0375J3,102,750030-0001
4,0375J3,103,750030-0002
4,0375J3,104,750030-1
4,0375J3,105,750030-2
4,0375J3,106,753420*
4,0375J3,107,753420-0001*
4,0375J3,108,753420-0002
4,0375J3,109,753420-0003
4,0375J3,110,753420-0004
4,0375J3,111,753420-0005
4,0375J3,112,753420-0006
4,0375J3,113,753420-0007*
4,0375J3,114,753420-1*
4,0375J3,115,753420-2
4,0375J3,116,753420-3
4,0375J3,117,753420-4
4,0375J3,118,753420-5
4,0375J3,119,753420-5001S*
4,0375J3,120,753420-5002*
4,0375J3,121,753420-5002S
4,0375J3,122,753420-5003*
4,0375J3,123,753420-5003S
4,0375J3,124,753420-5004*
4,0375J3,125,753420-5004S
4,0375J3,126,753420-5005*
4,0375J3,127,753420-5005S
4,0375J3,128,753420-5006*
4,0375J3,129,753420-5006S
4,0375J3,130,753420-5007S*
4,0375J3,131,753420-500S
4,0375J3,132,753420-6
4,0375J3,133,753420-9005S*
4,0375J3,134,753420-9005W
4,0375J3,139,753420-9006
4,0375J3,135,753420-9006*
4,0375J3,136,753420-9006S
4,0375J3,137,753420-9006W
4,0375J3,138,7534209006s
4,0375J3,141,7804903
4,0375J3,180,8252088
4,0375J3,181,8603489
4,0375J3,153,9650764480
4,0375J3,170,9651839880
4,0375J3,171,9654128780
4,0375J3,172,9656125880
4,0375J3,173,9657248680
4,0375J3,174,9657531880
4,0375J3,175,9657571880
4,0375J3,176,9660641380
4,0375J3,154,9663199280
4,0375J3,163,Y60113700
4,0375J3,164,Y60113700A
4,0375J3,165,Y60113700B
4,0375J3,177,Y60113700C
4,0375J3,166,Y60113700D
4,0375J3,167,Y60113700E
4,0375J3,168,Y60113700F
4,0375J3,169,Y60113700G
5,55188334,234,55188334
5,55188334,235,55190871
5,55188334,236,55193105
5,55188334,237,55195787
5,55188334,238,55196765
5,55188334,239,55196767
5,55188334,240,55196858
5,55188334,241,55205179
5,55188334,242,55205474
5,55188334,243,5860014
5,55188334,244,5860031
5,55188334,182,740080
5,55188334,183,740080-0001
5,55188334,184,740080-0002
5,55188334,185,740080-1*
5,55188334,186,740080-2
5,55188334,187,740080-5001S*
5,55188334,188,740080-5002S
5,55188334,189,755042
5,55188334,190,755042-0001
5,55188334,191,755042-0002
5,55188334,192,755042-0003
5,55188334,193,755042-0004*
5,55188334,194,755042-0004S
5,55188334,195,755042-1
5,55188334,196,755042-2
5,55188334,197,755042-3
5,55188334,198,755042-4*
5,55188334,199,755042-5001*
5,55188334,200,755042-5001S
5,55188334,201,755042-5002*
5,55188334,202,755042-5002S
5,55188334,203,755042-5003*
5,55188334,204,755042-5003S
5,55188334,205,755042-5004S*
5,55188334,206,755042-9004*
5,55188334,207,755042-9004S
5,55188334,208,755373*
5,55188334,209,755373-0001
5,55188334,210,755373-0001S
5,55188334,211,755373-1
5,55188334,212,755373-5001*
5,55188334,213,755373-5001S
5,55188334,214,755373-9001S*
5,55188334,215,767835*
5,55188334,216,767835-0001
5,55188334,217,767835-0001S
5,55188334,218,767835-0002*
5,55188334,219,767835-0003
5,55188334,220,767835-0003S
5,55188334,221,767835-1
5,55188334,222,767835-2*
5,55188334,223,767835-3
5,55188334,224,767835-5*
5,55188334,225,767835-5001*
5,55188334,226,767835-5001S
5,55188334,227,767835-5002S*
5,55188334,228,767835-5003*
5,55188334,229,767835-5003S
5,55188334,230,767835-9001*
5,55188334,231,767835-9001S*
5,55188334,232,767835-9003*
5,55188334,233,767835-9003S
5,55188334,245,860068
5,55188334,246,860073
5,55188334,247,860074
5,55188334,248,860129
5,55188334,249,93169105
5,55188334,250,93178697
5,55188334,251,93183681
5,55188334,252,93183987
5,55188334,253,93184790
5,55188334,254,93192073
6,03L253010G,265,03L253010G
6,03L253010G,266,03L253010GV
6,03L253010G,267,03L253010GX
6,03L253010G,268,03L253019P
6,03L253010G,269,03L253019PV
6,03L253010G,270,03L253019PX
6,03L253010G,271,03L253056G
6,03L253010G,272,03L253056GV
6,03L253010G,273,03L253056GX
6,03L253010G,274,03L253056H*
6,03L253010G,275,03L253056HV*
6,03L253010G,276,03L253056HX*
6,03L253010G,277,03L253056T
6,03L253010G,278,03L253056TV
6,03L253010G,279,03L253056TX
6,03L253010G,255,54399700021
6,03L253010G,256,5440970-0002
6,03L253010G,257,5440970-0007
6,03L253010G,258,5440988-0002
6,03L253010G,259,5440988-0007
6,03L253010G,260,5440988-0021
6,03L253010G,261,54409880036
6,03L253010G,262,KKK54409880007
6,03L253010G,263,KKK54409880021
6,03L253010G,264,KKK54409880036/R
7,720855-9007S,317,0207-02-5450P
7,720855-9007S,323,038253016EV
7,720855-9007S,324,038253016EX
7,720855-9007S,325,038253016FV
7,720855-9007S,320,038253016FV115
7,720855-9007S,321,038253016FV500
7,720855-9007S,322,038253016FV510
7,720855-9007S,326,038253016FX
7,720855-9007S,327,03G253016QV
7,720855-9007S,328,03G253016QX
7,720855-9007S,280,5439-988-0023
7,720855-9007S,281,54399700023
7,720855-9007S,282,720855*
7,720855-9007S,283,720855-0001
7,720855-9007S,284,720855-0002*
7,720855-9007S,285,720855-0003
7,720855-9007S,286,720855-0004
7,720855-9007S,287,720855-0005
7,720855-9007S,288,720855-0006
7,720855-9007S,289,720855-0007
7,720855-9007S,290,720855-1
7,720855-9007S,291,720855-2*
7,720855-9007S,292,720855-3
7,720855-9007S,293,720855-4
7,720855-9007S,294,720855-5
7,720855-9007S,295,720855-5001*
7,720855-9007S,296,720855-5001S
7,720855-9007S,297,720855-5002*
7,720855-9007S,298,720855-5002S*
7,720855-9007S,299,720855-5003*
7,720855-9007S,300,720855-5003S
7,720855-9007S,301,720855-5004*
7,720855-9007S,302,720855-5004S
7,720855-9007S,303,720855-5005*
7,720855-9007S,304,720855-5005S
7,720855-9007S,305,720855-5006*
7,720855-9007S,306,720855-5006S
7,720855-9007S,307,720855-5007*
7,720855-9007S,308,720855-5007S
7,720855-9007S,309,720855-6
7,720855-9007S,310,720855-7
7,720855-9007S,318,720855-9006
7,720855-9007S,311,720855-9006*
7,720855-9007S,312,720855-9006S*
7,720855-9007S,313,720855-9006W
7,720855-9007S,314,720855-9007*
7,720855-9007S,315,720855-9007S
7,720855-9007S,316,720855-9007W
7,720855-9007S,319,KKK54399880023/R
8,03L253010EV,337,03L253010E
8,03L253010EV,332,03L253010EV
8,03L253010EV,333,03L253010EX
8,03L253010EV,338,03L253010F
8,03L253010EV,334,03L253010FV
8,03L253010EV,335,03L253010FX
8,03L253010EV,336,03L253019Q
8,03L253010EV,329,785448-0005
8,03L253010EV,330,785448-5
8,03L253010EV,331,785448-5005S
9,850840-5007S,345,2319333
9,850840-5007S,346,2480732
9,850840-5007S,347,2614505
9,850840-5007S,339,850840-0007
9,850840-5007S,340,850840-0009
9,850840-5007S,341,850840-5007S
9,850840-5007S,342,850840-5009S
9,850840-5007S,343,850840-7
9,850840-5007S,344,850840-9
9,850840-5007S,348,KK2Q6K682BA
9,850840-5007S,349,KK2Q6K682BB
9,850840-5007S,350,KK2Q6K682BC
10,03L253010D,353,03L253010D
10,03L253010D,354,03L253010DV
10,03L253010D,355,03L253010DX
10,03L253010D,356,03L253016G
10,03L253010D,357,03L253016GV
10,03L253010D,358,03L253016GX
10,03L253010D,359,03L253019C
10,03L253010D,360,03L253019CV
10,03L253010D,361,03L253019CX
10,03L253010D,362,03L253019K
10,03L253010D,363,03L253019KV
10,03L253010D,364,03L253019KX
10,03L253010D,365,03L253019M
10,03L253010D,366,03L253019MV
10,03L253010D,367,03L253019MX
10,03L253010D,368,03L253056C
10,03L253010D,369,03L253056CV
10,03L253010D,370,03L253056CX
10,03L253010D,351,53039900207
10,03L253010D,352,KKK53039880207/R
11,04L253020A,378,04I253020A
11,04L253020A,379,04I253020AV
11,04L253020A,380,04I253020AX
11,04L253020A,381,04I253020SV
11,04L253020A,382,04I253020SX
11,04L253020A,385,04L253016H
11,04L253020A,383,04L253016HV
11,04L253020A,384,04L253016HX
11,04L253020A,386,04L253020A
11,04L253020A,387,04L253020H
11,04L253020A,388,04L253020S
11,04L253020A,371,847671
11,04L253020A,372,847671-0002
11,04L253020A,373,847671-0004
11,04L253020A,374,847671-2
11,04L253020A,375,847671-4
11,04L253020A,376,847671-5002S
11,04L253020A,377,847671-5004S
12,04L253010L,399,04L253010L
12,04L253010L,400,04L253010N
12,04L253010L,401,04L253010S
12,04L253010L,402,04L253056C
12,04L253010L,403,04L253056E
12,04L253010L,407,04L253056H
12,04L253010L,404,04L253056JX
12,04L253010L,405,04L253056L
12,04L253010L,406,04L253056LX
12,04L253010L,408,04L253124
12,04L253010L,389,53039700324
12,04L253010L,390,53039700359
12,04L253010L,391,53039700385
12,04L253010L,392,53039700414
12,04L253010L,393,53039700441
12,04L253010L,394,53039700476
12,04L253010L,395,53039880542
12,04L253010L,396,53039880620
12,04L253010L,397,KKK53039880542
12,04L253010L,398,KKK53039880620
13,11652287498,417,11652287498
13,11652287498,767,11652348704
13,11652287498,418,11652433152
13,11652287498,419,11654727470
13,11652287498,768,11657440240
13,11652287498,420,11657797781
13,11652287498,421,11657797782
13,11652287498,422,11657808477
13,11652287498,423,11657808478
13,11652287498,424,11657810199
13,11652287498,425,11657810200
13,11652287498,426,11657810203
13,11652287498,769,11657810204
13,11652287498,427,11658506891
13,11652287498,428,11658506892
13,11652287498,429,11658506893
13,11652287498,430,11658506894
13,11652287498,431,11658506895
13,11652287498,432,11658506896
13,11652287498,770,11659889700
13,11652287498,433,2287498
13,11652287498,771,2348704
13,11652287498,434,2433152
13,11652287498,435,472468601
13,11652287498,436,4727470
13,11652287498,772,472747006
13,11652287498,777,49135-05810
13,11652287498,455,49135-05830
13,11652287498,409,49135-05830/R
13,11652287498,410,49135-05840
13,11652287498,411,49135-05850
13,11652287498,412,49135-05860
13,11652287498,456,49135-05870
13,11652287498,457,49135-05880
13,11652287498,413,49135-05885
13,11652287498,458,49135-05886
13,11652287498,459,49135-05890
13,11652287498,778,49135-05894
13,11652287498,460,4913505840
13,11652287498,461,4913505850
13,11652287498,462,4913505860
13,11652287498,463,4913505865
13,11652287498,464,4913505875
13,11652287498,465,4913505885
13,11652287498,466,4913505895
13,11652287498,467,4913505896
13,11652287498,468,49335-00100
13,11652287498,414,49335-00220
13,11652287498,469,49335-00221
13,11652287498,415,49335-00230
13,11652287498,470,49335-00241
13,11652287498,471,49335-00420
13,11652287498,472,49335-00430
13,11652287498,473,49335-00431
13,11652287498,416,49335-00440
13,11652287498,474,4933500200
13,11652287498,475,4933500220
13,11652287498,476,4933500230
13,11652287498,477,4933500240
13,11652287498,478,4933500440
13,11652287498,479,4933500441
13,11652287498,480,49490-93501
13,11652287498,773,7440240
13,11652287498,437,7797781
13,11652287498,774,7797781-04
13,11652287498,438,779778103
13,11652287498,439,7797782
13,11652287498,440,7808477
13,11652287498,441,780847701
13,11652287498,442,7808478
13,11652287498,443,7810199
13,11652287498,444,7810200
13,11652287498,445,7810203
13,11652287498,446,8506891
13,11652287498,447,850689101
13,11652287498,448,8506892
13,11652287498,449,8506893
13,11652287498,450,850689301
13,11652287498,451,8506894
13,11652287498,452,8506895
13,11652287498,453,850689501
13,11652287498,454,8506896
13,11652287498,775,9889700
13,11652287498,776,99992471896
13,11652287498,779,TF035HL6B-13TBA
14,03G253010JV,529,03G253010JV
14,03G253010JV,530,03G253010JX
14,03G253010JV,531,03G253014HV
14,03G253010JV,532,03G253014HX
14,03G253010JV,533,03G253019AV
14,03G253010JV,534,03G253019AX
14,03G253010JV,481,724930
14,03G253010JV,482,724930-0001*
14,03G253010JV,483,724930-0002
14,03G253010JV,484,724930-0003*
14,03G253010JV,485,724930-0004
14,03G253010JV,486,724930-0004S
14,03G253010JV,487,724930-0006
14,03G253010JV,488,724930-0008
14,03G253010JV,489,724930-0009
14,03G253010JV,490,724930-0010
14,03G253010JV,491,724930-0011*
14,03G253010JV,492,724930-0012
14,03G253010JV,493,724930-1*
14,03G253010JV,494,724930-10
14,03G253010JV,495,724930-12
14,03G253010JV,496,724930-2
14,03G253010JV,497,724930-4
14,03G253010JV,498,724930-5002*
14,03G253010JV,499,724930-5002S
14,03G253010JV,500,724930-5003*
14,03G253010JV,501,724930-5003S*
14,03G253010JV,502,724930-5004*
14,03G253010JV,503,724930-5004S
14,03G253010JV,504,724930-5006*
14,03G253010JV,505,724930-5006S
14,03G253010JV,506,724930-5008*
14,03G253010JV,507,724930-5008S
14,03G253010JV,508,724930-5009*
14,03G253010JV,509,724930-5009R
14,03G253010JV,510,724930-5009S
14,03G253010JV,511,724930-5010*
14,03G253010JV,512,724930-5010S
14,03G253010JV,513,724930-5012*
14,03G253010JV,514,724930-5012S
14,03G253010JV,515,724930-6
14,03G253010JV,516,724930-8
14,03G253010JV,517,724930-9
14,03G253010JV,528,724930-9009
14,03G253010JV,518,724930-9009*
14,03G253010JV,519,724930-9009S
14,03G253010JV,520,724930-9009W
14,03G253010JV,521,724930-9010*
14,03G253010JV,522,724930-9010S
14,03G253010JV,523,724930-9010W
14,03G253010JV,524,724930-9010s
14,03G253010JV,525,724930-9012S*
14,03G253010JV,526,724930-9012W
14,03G253010JV,527,72493050102S
15,038253010C,551,0207-02-0008P
15,038253010C,552,0207-02-0008R
15,038253010C,553,0207-02-0013P
15,038253010C,554,0207-02-0013R
15,038253010C,558,038253010C
15,038253010C,559,038253010D
15,038253010C,560,038253010N
15,038253010C,561,038253010P
15,038253010C,562,038253014F
15,038253010C,563,038253014G
15,038253010C,564,038253014H
15,038253010C,565,038253016K
15,038253010C,566,038253016R
15,038253010C,567,038253019J
15,038253010C,568,038253056E
15,038253010C,569,038253056G
15,038253010C,570,03G253014F
15,038253010C,535,5439-970-0022
15,038253010C,536,5439-988-0022
15,038253010C,537,751851
15,038253010C,538,751851-0001
15,038253010C,539,751851-0002
15,038253010C,540,751851-0003
15,038253010C,541,751851-0004
15,038253010C,542,751851-1
15,038253010C,543,751851-2
15,038253010C,544,751851-3
15,038253010C,545,751851-4
15,038253010C,546,751851-5001S
15,038253010C,547,751851-5002S
15,038253010C,548,751851-5003S
15,038253010C,549,751851-5004S
15,038253010C,555,751851-9003
15,038253010C,556,751851-9004
15,038253010C,550,751851-9004S
15,038253010C,557,KKK54399880022/R
16,2823127400,575,2823127400
16,2823127400,576,2823127410
16,2823127400,571,757886-0003
16,2823127400,572,757886-3
16,2823127400,573,757886-5003S
16,2823127400,574,757886-9003W
17,038253019J,551,0207-02-0008P
17,038253019J,552,0207-02-0008R
17,038253019J,554,0207-02-0013R
17,038253019J,559,038253010D
17,038253019J,580,038253010DV
17,038253019J,581,038253010DX
17,038253019J,560,038253010N
17,038253019J,561,038253010P
17,038253019J,582,038253010PV
17,038253019J,583,038253010PX
17,038253019J,563,038253014G
17,038253019J,584,038253014GV
17,038253019J,585,038253014GX
17,038253019J,565,038253016K
17,038253019J,586,038253016KV
17,038253019J,587,038253016KX
17,038253019J,566,038253016R
17,038253019J,588,038253016RV
17,038253019J,589,038253016RX
17,038253019J,567,038253019J
17,038253019J,568,038253056E
17,038253019J,590,038253056EV
17,038253019J,569,038253056G
17,038253019J,591,038253056GV
17,038253019J,592,038253056GX
17,038253019J,593,038253056J
17,038253019J,594,038253056JV
17,038253019J,595,038253056JX
17,038253019J,596,038253056L
17,038253019J,597,038253056LV
17,038253019J,598,038253056LX
17,038253019J,570,03G253014F
17,038253019J,599,03G253014FV
17,038253019J,600,03G253014FX
17,038253019J,577,54399880022
17,038253019J,538,751851-0001
17,038253019J,539,751851-0002
17,038253019J,540,751851-0003
17,038253019J,541,751851-0004
17,038253019J,542,751851-1
17,038253019J,543,751851-2
17,038253019J,544,751851-3
17,038253019J,545,751851-4
17,038253019J,546,751851-5001S
17,038253019J,547,751851-5002S
17,038253019J,548,751851-5003S
17,038253019J,549,751851-5004S
17,038253019J,555,751851-9003
17,038253019J,556,751851-9004
17,038253019J,550,751851-9004S
17,038253019J,601,JZA253056EX
17,038253019J,578,KKK54399880022
17,038253019J,579,KKK54399880082
18,070145701RV,625,0207-02-0108R
18,070145701RV,626,070145701RV
18,070145701RV,627,070145701RV204
18,070145701RV,628,070145701RV210
18,070145701RV,630,070145701RV220
18,070145701RV,629,070145701RX
18,070145701RV,602,760698
18,070145701RV,603,760698-0002
18,070145701RV,604,760698-0003
18,070145701RV,605,760698-0004
18,070145701RV,606,760698-0005
18,070145701RV,607,760698-0006
18,070145701RV,608,760698-2
18,070145701RV,609,760698-3
18,070145701RV,610,760698-5
18,070145701RV,611,760698-5002
18,070145701RV,612,760698-5002S
18,070145701RV,613,760698-5003
18,070145701RV,614,760698-5003S
18,070145701RV,615,760698-5004
18,070145701RV,616,760698-5004S
18,070145701RV,617,760698-5005
18,070145701RV,618,760698-5005S
18,070145701RV,619,760698-5006
18,070145701RV,620,760698-5006S
18,070145701RV,621,760698-6
18,070145701RV,622,760698-9006
18,070145701RV,623,760698-9006S
18,070145701RV,624,760698-9006W
19,BV43B-0133,721,03L142702E
19,BV43B-0133,722,03L145701
19,BV43B-0133,723,03L145701A
19,BV43B-0133,724,03L145701AV
19,BV43B-0133,725,03L145701AX
19,BV43B-0133,726,03L145701B
19,BV43B-0133,727,03L145701BV
19,BV43B-0133,728,03L145701BX
19,BV43B-0133,729,03L145701C
19,BV43B-0133,730,03L145701CV
19,BV43B-0133,731,03L145701CX
19,BV43B-0133,732,03L145701D
19,BV43B-0133,733,03L145701DV
19,BV43B-0133,734,03L145701DX
19,BV43B-0133,735,03L145701E
19,BV43B-0133,736,03L145701EV
19,BV43B-0133,737,03L145701EX
19,BV43B-0133,738,03L145701T
19,BV43B-0133,739,03L145701TV
19,BV43B-0133,740,03L145701TX
19,BV43B-0133,741,03L145701V
19,BV43B-0133,742,03L145701X
19,BV43B-0133,743,03L145702
19,BV43B-0133,744,03L145702A
19,BV43B-0133,745,03L145702AV
19,BV43B-0133,746,03L145702AX
19,BV43B-0133,747,03L145702D
19,BV43B-0133,748,03L145702DV
19,BV43B-0133,749,03L145702DX
19,BV43B-0133,750,03L145702E
19,BV43B-0133,751,03L145702EV
19,BV43B-0133,752,03L145702EX
19,BV43B-0133,753,03L145702H
19,BV43B-0133,754,03L145702HV
19,BV43B-0133,755,03L145702HX
19,BV43B-0133,756,03L145702J
19,BV43B-0133,757,03L145702JV
19,BV43B-0133,758,03L145702JX
19,BV43B-0133,759,03L145702M
19,BV43B-0133,760,03L145702MV
19,BV43B-0133,761,03L145702MX
19,BV43B-0133,762,03L145702N
19,BV43B-0133,763,03L145702NV
19,BV43B-0133,764,03L145702NX
19,BV43B-0133,765,03L145702V
19,BV43B-0133,766,03L145702X
19,BV43B-0133,647,186742
19,BV43B-0133,648,186743
19,BV43B-0133,649,186805
19,BV43B-0133,650,186806
19,BV43B-0133,651,188834
19,BV43B-0133,652,188964
19,BV43B-0133,653,189031
19,BV43B-0133,654,189373
19,BV43B-0133,655,190032
19,BV43B-0133,656,190141
19,BV43B-0133,657,190414
19,BV43B-0133,658,190787
19,BV43B-0133,659,190809
19,BV43B-0133,660,191246
19,BV43B-0133,661,191284
19,BV43B-0133,662,191780
19,BV43B-0133,663,192597
19,BV43B-0133,664,192602
19,BV43B-0133,720,431410423
19,BV43B-0133,719,49228
19,BV43B-0133,667,5303-970-0131*
19,BV43B-0133,668,5303-970-0133*
19,BV43B-0133,669,5303-970-0138*
19,BV43B-0133,670,5303-970-0140*
19,BV43B-0133,671,5303-970-0189*
19,BV43B-0133,672,5303-970-0190*
19,BV43B-0133,673,5303-971-0131*
19,BV43B-0133,674,5303-971-0133*
19,BV43B-0133,675,5303-971-0138*
19,BV43B-0133,676,5303-971-0140*
19,BV43B-0133,677,5303-971-0189*
19,BV43B-0133,678,5303-971-0190*
19,BV43B-0133,679,5303-980-0131*
19,BV43B-0133,680,5303-980-0133*
19,BV43B-0133,681,5303-980-0138*
19,BV43B-0133,682,5303-980-0140*
19,BV43B-0133,683,5303-980-0189*
19,BV43B-0133,684,5303-980-0190*
19,BV43B-0133,685,5303-988-0131*
19,BV43B-0133,686,5303-988-0133*
19,BV43B-0133,687,5303-988-0138*
19,BV43B-0133,688,5303-988-0140*
19,BV43B-0133,689,5303-988-0189*
19,BV43B-0133,690,5303-988-0190*
19,BV43B-0133,691,5303-990-0189
19,BV43B-0133,692,5303-990-0190
19,BV43B-0133,693,53039900131
19,BV43B-0133,694,53039900133
19,BV43B-0133,695,53039900138
19,BV43B-0133,696,53039900140
19,BV43B-0133,631,65228
19,BV43B-0133,665,6900228
19,BV43B-0133,708,93074
19,BV43B-0133,709,93146
19,BV43B-0133,710,93854
19,BV43B-0133,697,BV43-0189*
19,BV43B-0133,698,BV43-0190*
19,BV43B-0133,699,BV43A-0138
19,BV43B-0133,700,BV43A-0189
19,BV43B-0133,701,BV43B-0133
19,BV43B-0133,702,BV43B-1140
19,BV43B-0133,636,CTC73044
19,BV43B-0133,637,CTC73044AS
19,BV43B-0133,638,CTC73044GS
19,BV43B-0133,639,CTC73044JR
19,BV43B-0133,640,CTC73044KS
19,BV43B-0133,641,CTC73064KS
19,BV43B-0133,642,CTC73067
19,BV43B-0133,643,CTC73067AS
19,BV43B-0133,644,CTC73067GS
19,BV43B-0133,645,CTC73067JR
19,BV43B-0133,646,CTC73067KS
19,BV43B-0133,703,K03-0131*
19,BV43B-0133,704,K03-0133*
19,BV43B-0133,705,K03-0138*
19,BV43B-0133,706,K03-0140*
19,BV43B-0133,666,KKK53039880189/R
19,BV43B-0133,707,KP43-0190
19,BV43B-0133,711,STC73044
19,BV43B-0133,712,STC73044.0
19,BV43B-0133,713,STC73044.1
19,BV43B-0133,714,STC73044.7
19,BV43B-0133,715,STC73067
19,BV43B-0133,716,STC73067.0
19,BV43B-0133,717,STC73067.1
19,BV43B-0133,718,STC73067.7
19,BV43B-0133,632,T914911
19,BV43B-0133,633,T914995
19,BV43B-0133,634,T915412
19,BV43B-0133,635,T915510
