turbo_code_id,code
1,9V202 ARTNR_Z_TCD
2,03F145701H VAG
3,03F145701HV VAG
4,03F145701HX VAG
5,03F145701K VAG
6,03F145701KV VAG
7,03F145701KX VAG
8,03F145701R VAG
9,03F145701RV VAG
10,03F145701RX VAG
11,03F145701H VW
12,030TC11002000
13,11002000
14,40002509
15,40006077
16,401TN100111
17,04L253010B
18,04L253010BV
19,04L253010BX
20,04L253010T
21,04L253010TV
22,04L253010TX
23,04L253019Q
24,04L253019QV
25,04L253019QX
26,04L253020M
27,728989*
28,728989-0001
29,728989-0002*
30,728989-0003
31,728989-0007
32,728989-0009
33,728989-0010
34,728989-0015
35,728989-0016
36,728989-0018
37,728989-0019
38,728989-1
39,728989-10
40,728989-15
41,728989-16
42,728989-18
43,728989-19
44,728989-3
45,728989-5001S
46,728989-5002S*
47,728989-5003*
48,728989-5003S
49,728989-5007*
50,728989-5007S
51,728989-5009*
52,728989-5009S
53,728989-5010*
54,728989-5010S
55,728989-5015*
56,728989-5015S
57,728989-5016*
58,728989-5016S
59,728989-5018*
60,728989-5018S
61,728989-5019*
62,728989-5019S
63,728989-7
64,728989-9
65,728989-9019S
66,7289890022
67,7289895022S
68,7289899022S
69,11657790326
70,11657790326G
71,11657790326H
72,11657790326K08
73,11657790328
74,11657790328D
75,11657790328J
76,11657790328K08
77,11657794025
78,7790326
79,7790326G
80,7790326H
81,7790326K08
82,7790328
83,7790328D
84,7790328J
85,7794025
86,7794026
87,7794027
88,7794028
89,7794029
90,7794030
91,7794031
92,740821*
93,740821-0001
94,740821-0002
95,740821-1
96,740821-2
97,740821-5001*
98,740821-5001S
99,740821-5002*
100,740821-5002S
101,750030*
102,750030-0001
103,750030-0002
104,750030-1
105,750030-2
106,753420*
107,753420-0001*
108,753420-0002
109,753420-0003
110,753420-0004
111,753420-0005
112,753420-0006
113,753420-0007*
114,753420-1*
115,753420-2
116,753420-3
117,753420-4
118,753420-5
119,753420-5001S*
120,753420-5002*
121,753420-5002S
122,753420-5003*
123,753420-5003S
124,753420-5004*
125,753420-5004S
126,753420-5005*
127,753420-5005S
128,753420-5006*
129,753420-5006S
130,753420-5007S*
131,753420-500S
132,753420-6
133,753420-9005S*
134,753420-9005W
135,753420-9006*
136,753420-9006S
137,753420-9006W
138,7534209006s
139,753420-9006
140,11657804903
141,7804903
142,0375J3
143,0375J6
144,0375J7
145,0375J8
146,1231096
147,1319614
148,1355027
149,1441253
150,36000722
151,3M5Q6K682AA
152,3M5Q6K682AB
153,9650764480
154,9663199280
155,1254337
156,1340133
157,1465162
158,1789074
159,3M5Q6K682AC
160,3M5Q6K682AE
161,3M5Q6K682AG
162,3M5Q6K682AJ
163,Y60113700
164,Y60113700A
165,Y60113700B
166,Y60113700D
167,Y60113700E
168,Y60113700F
169,Y60113700G
170,9651839880
171,9654128780
172,9656125880
173,9657248680
174,9657531880
175,9657571880
176,9660641380
177,Y60113700C
178,1479055
179,31259243
180,8252088
181,8603489
182,740080
183,740080-0001
184,740080-0002
185,740080-1*
186,740080-2
187,740080-5001S*
188,740080-5002S
189,755042
190,755042-0001
191,755042-0002
192,755042-0003
193,755042-0004*
194,755042-0004S
195,755042-1
196,755042-2
197,755042-3
198,755042-4*
199,755042-5001*
200,755042-5001S
201,755042-5002*
202,755042-5002S
203,755042-5003*
204,755042-5003S
205,755042-5004S*
206,755042-9004*
207,755042-9004S
208,755373*
209,755373-0001
210,755373-0001S
211,755373-1
212,755373-5001*
213,755373-5001S
214,755373-9001S*
215,767835*
216,767835-0001
217,767835-0001S
218,767835-0002*
219,767835-0003
220,767835-0003S
221,767835-1
222,767835-2*
223,767835-3
224,767835-5*
225,767835-5001*
226,767835-5001S
227,767835-5002S*
228,767835-5003*
229,767835-5003S
230,767835-9001*
231,767835-9001S*
232,767835-9003*
233,767835-9003S
234,55188334
235,55190871
236,55193105
237,55195787
238,55196765
239,55196767
240,55196858
241,55205179
242,55205474
243,5860014
244,5860031
245,860068
246,860073
247,860074
248,860129
249,93169105
250,93178697
251,93183681
252,93183987
253,93184790
254,93192073
255,54399700021
256,5440970-0002
257,5440970-0007
258,5440988-0002
259,5440988-0007
260,5440988-0021
261,54409880036
262,KKK54409880007
263,KKK54409880021
264,KKK54409880036/R
265,03L253010G
266,03L253010GV
267,03L253010GX
268,03L253019P
269,03L253019PV
270,03L253019PX
271,03L253056G
272,03L253056GV
273,03L253056GX
274,03L253056H*
275,03L253056HV*
276,03L253056HX*
277,03L253056T
278,03L253056TV
279,03L253056TX
280,5439-988-0023
281,54399700023
282,720855*
283,720855-0001
284,720855-0002*
285,720855-0003
286,720855-0004
287,720855-0005
288,720855-0006
289,720855-0007
290,720855-1
291,720855-2*
292,720855-3
293,720855-4
294,720855-5
295,720855-5001*
296,720855-5001S
297,720855-5002*
298,720855-5002S*
299,720855-5003*
300,720855-5003S
301,720855-5004*
302,720855-5004S
303,720855-5005*
304,720855-5005S
305,720855-5006*
306,720855-5006S
307,720855-5007*
308,720855-5007S
309,720855-6
310,720855-7
311,720855-9006*
312,720855-9006S*
313,720855-9006W
314,720855-9007*
315,720855-9007S
316,720855-9007W
317,0207-02-5450P
318,720855-9006
319,KKK54399880023/R
320,038253016FV115
321,038253016FV500
322,038253016FV510
323,038253016EV
324,038253016EX
325,038253016FV
326,038253016FX
327,03G253016QV
328,03G253016QX
329,785448-0005
330,785448-5
331,785448-5005S
332,03L253010EV
333,03L253010EX
334,03L253010FV
335,03L253010FX
336,03L253019Q
337,03L253010E
338,03L253010F
339,850840-0007
340,850840-0009
341,850840-5007S
342,850840-5009S
343,850840-7
344,850840-9
345,2319333
346,2480732
347,2614505
348,KK2Q6K682BA
349,KK2Q6K682BB
350,KK2Q6K682BC
351,53039900207
352,KKK53039880207/R
353,03L253010D
354,03L253010DV
355,03L253010DX
356,03L253016G
357,03L253016GV
358,03L253016GX
359,03L253019C
360,03L253019CV
361,03L253019CX
362,03L253019K
363,03L253019KV
364,03L253019KX
365,03L253019M
366,03L253019MV
367,03L253019MX
368,03L253056C
369,03L253056CV
370,03L253056CX
371,847671
372,847671-0002
373,847671-0004
374,847671-2
375,847671-4
376,847671-5002S
377,847671-5004S
378,04I253020A
379,04I253020AV
380,04I253020AX
381,04I253020SV
382,04I253020SX
383,04L253016HV
384,04L253016HX
385,04L253016H
386,04L253020A
387,04L253020H
388,04L253020S
389,53039700324
390,53039700359
391,53039700385
392,53039700414
393,53039700441
394,53039700476
395,53039880542
396,53039880620
397,KKK53039880542
398,KKK53039880620
399,04L253010L
400,04L253010N
401,04L253010S
402,04L253056C
403,04L253056E
404,04L253056JX
405,04L253056L
406,04L253056LX
407,04L253056H
408,04L253124
409,49135-05830/R
410,49135-05840
411,49135-05850
412,49135-05860
413,49135-05885
414,49335-00220
415,49335-00230
416,49335-00440
417,11652287498
418,11652433152
419,11654727470
420,11657797781
421,11657797782
422,11657808477
423,11657808478
424,11657810199
425,11657810200
426,11657810203
427,11658506891
428,11658506892
429,11658506893
430,11658506894
431,11658506895
432,11658506896
433,2287498
434,2433152
435,472468601
436,4727470
437,7797781
438,779778103
439,7797782
440,7808477
441,780847701
442,7808478
443,7810199
444,7810200
445,7810203
446,8506891
447,850689101
448,8506892
449,8506893
450,850689301
451,8506894
452,8506895
453,850689501
454,8506896
455,49135-05830
456,49135-05870
457,49135-05880
458,49135-05886
459,49135-05890
460,4913505840
461,4913505850
462,4913505860
463,4913505865
464,4913505875
465,4913505885
466,4913505895
467,4913505896
468,49335-00100
469,49335-00221
470,49335-00241
471,49335-00420
472,49335-00430
473,49335-00431
474,4933500200
475,4933500220
476,4933500230
477,4933500240
478,4933500440
479,4933500441
480,49490-93501
481,724930
482,724930-0001*
483,724930-0002
484,724930-0003*
485,724930-0004
486,724930-0004S
487,724930-0006
488,724930-0008
489,724930-0009
490,724930-0010
491,724930-0011*
492,724930-0012
493,724930-1*
494,724930-10
495,724930-12
496,724930-2
497,724930-4
498,724930-5002*
499,724930-5002S
500,724930-5003*
501,724930-5003S*
502,724930-5004*
503,724930-5004S
504,724930-5006*
505,724930-5006S
506,724930-5008*
507,724930-5008S
508,724930-5009*
509,724930-5009R
510,724930-5009S
511,724930-5010*
512,724930-5010S
513,724930-5012*
514,724930-5012S
515,724930-6
516,724930-8
517,724930-9
518,724930-9009*
519,724930-9009S
520,724930-9009W
521,724930-9010*
522,724930-9010S
523,724930-9010W
524,724930-9010s
525,724930-9012S*
526,724930-9012W
527,72493050102S
528,724930-9009
529,03G253010JV
530,03G253010JX
531,03G253014HV
532,03G253014HX
533,03G253019AV
534,03G253019AX
535,5439-970-0022
536,5439-988-0022
537,751851
538,751851-0001
539,751851-0002
540,751851-0003
541,751851-0004
542,751851-1
543,751851-2
544,751851-3
545,751851-4
546,751851-5001S
547,751851-5002S
548,751851-5003S
549,751851-5004S
550,751851-9004S
551,0207-02-0008P
552,0207-02-0008R
553,0207-02-0013P
554,0207-02-0013R
555,751851-9003
556,751851-9004
557,KKK54399880022/R
558,038253010C
559,038253010D
560,038253010N
561,038253010P
562,038253014F
563,038253014G
564,038253014H
565,038253016K
566,038253016R
567,038253019J
568,038253056E
569,038253056G
570,03G253014F
571,757886-0003
572,757886-3
573,757886-5003S
574,757886-9003W
575,2823127400
576,2823127410
577,54399880022
578,KKK54399880022
579,KKK54399880082
580,038253010DV
581,038253010DX
582,038253010PV
583,038253010PX
584,038253014GV
585,038253014GX
586,038253016KV
587,038253016KX
588,038253016RV
589,038253016RX
590,038253056EV
591,038253056GV
592,038253056GX
593,038253056J
594,038253056JV
595,038253056JX
596,038253056L
597,038253056LV
598,038253056LX
599,03G253014FV
600,03G253014FX
601,JZA253056EX
602,760698
603,760698-0002
604,760698-0003
605,760698-0004
606,760698-0005
607,760698-0006
608,760698-2
609,760698-3
610,760698-5
611,760698-5002
612,760698-5002S
613,760698-5003
614,760698-5003S
615,760698-5004
616,760698-5004S
617,760698-5005
618,760698-5005S
619,760698-5006
620,760698-5006S
621,760698-6
622,760698-9006
623,760698-9006S
624,760698-9006W
625,0207-02-0108R
626,070145701RV
627,070145701RV204
628,070145701RV210
629,070145701RX
630,070145701RV220
631,65228
632,T914911
633,T914995
634,T915412
635,T915510
636,CTC73044
637,CTC73044AS
638,CTC73044GS
639,CTC73044JR
640,CTC73044KS
641,CTC73064KS
642,CTC73067
643,CTC73067AS
644,CTC73067GS
645,CTC73067JR
646,CTC73067KS
647,186742
648,186743
649,186805
650,186806
651,188834
652,188964
653,189031
654,189373
655,190032
656,190141
657,190414
658,190787
659,190809
660,191246
661,191284
662,191780
663,192597
664,192602
665,6900228
666,KKK53039880189/R
667,5303-970-0131*
668,5303-970-0133*
669,5303-970-0138*
670,5303-970-0140*
671,5303-970-0189*
672,5303-970-0190*
673,5303-971-0131*
674,5303-971-0133*
675,5303-971-0138*
676,5303-971-0140*
677,5303-971-0189*
678,5303-971-0190*
679,5303-980-0131*
680,5303-980-0133*
681,5303-980-0138*
682,5303-980-0140*
683,5303-980-0189*
684,5303-980-0190*
685,5303-988-0131*
686,5303-988-0133*
687,5303-988-0138*
688,5303-988-0140*
689,5303-988-0189*
690,5303-988-0190*
691,5303-990-0189
692,5303-990-0190
693,53039900131
694,53039900133
695,53039900138
696,53039900140
697,BV43-0189*
698,BV43-0190*
699,BV43A-0138
700,BV43A-0189
701,BV43B-0133
702,BV43B-1140
703,K03-0131*
704,K03-0133*
705,K03-0138*
706,K03-0140*
707,KP43-0190
708,93074
709,93146
710,93854
711,STC73044
712,STC73044.0
713,STC73044.1
714,STC73044.7
715,STC73067
716,STC73067.0
717,STC73067.1
718,STC73067.7
719,49228
720,431410423
721,03L142702E
722,03L145701
723,03L145701A
724,03L145701AV
725,03L145701AX
726,03L145701B
727,03L145701BV
728,03L145701BX
729,03L145701C
730,03L145701CV
731,03L145701CX
732,03L145701D
733,03L145701DV
734,03L145701DX
735,03L145701E
736,03L145701EV
737,03L145701EX
738,03L145701T
739,03L145701TV
740,03L145701TX
741,03L145701V
742,03L145701X
743,03L145702
744,03L145702A
745,03L145702AV
746,03L145702AX
747,03L145702D
748,03L145702DV
749,03L145702DX
750,03L145702E
751,03L145702EV
752,03L145702EX
753,03L145702H
754,03L145702HV
755,03L145702HX
756,03L145702J
757,03L145702JV
758,03L145702JX
759,03L145702M
760,03L145702MV
761,03L145702MX
762,03L145702N
763,03L145702NV
764,03L145702NX
765,03L145702V
766,03L145702X
767,11652348704
768,11657440240
769,11657810204
770,11659889700
771,2348704
772,472747006
773,7440240
774,7797781-04
775,9889700
776,99992471896
777,49135-05810
778,49135-05894
779,TF035HL6B-13TBA
