vehicle_engine_id,vehicle_model_id,engine,hp,engine_code
1,1,1.2 TFSI,,UNKNOWN
2,2,2.0 TDI,110,DCYA
3,2,2.0 TDI,110,CRUA
4,2,2.0 TDI,110,DBGA
5,2,2.0 TDI,110,DEJA
6,2,2.0 TDI,110,CRLB
7,2,2.0 TDI,110,CRBC
8,2,2.0 TDI,100,CRBD
9,2,2.0 TDI,100,CRLC
10,2,2.0 TDI quattro,110,DCYA
11,2,2.0 TDI quattro,110,CRLB
12,2,2.0 TDI quattro,110,CRBC
13,3,2.0 TDI,110,DCYA
14,3,2.0 TDI,110,CRLB
15,3,2.0 TDI,100,CRLC
16,3,2.0 TDI quattro,110,DCYA
17,3,2.0 TDI quattro,110,CRLB
18,4,2.0 TDI quattro,110,DCYA
19,4,2.0 TDI quattro,110,CRBC
20,4,2.0 TDI quattro,110,CRLB
21,4,35 TDI,110,DFGA
22,4,2.0 TDI,100,CRBD
23,4,2.0 TDI,100,CRLC
24,4,2.0 TDI,110,DFGA
25,4,2.0 TDI,110,DCYA
26,4,2.0 TDI,110,CRUA
27,4,2.0 TDI,110,DBGA
28,4,2.0 TDI,110,DEJA
29,4,2.0 TDI,110,CRLB
30,4,2.0 TDI,110,CRBC
31,5,2.0 TDI quattro,110,DCYA
32,5,2.0 TDI quattro,110,CRBC
33,5,2.0 TDI quattro,110,CRLB
34,5,2.0 TDI,110,DFGA
35,5,2.0 TDI,110,DCYA
36,5,2.0 TDI,110,CRUA
37,5,2.0 TDI,110,DBGA
38,5,2.0 TDI,110,DEJA
39,5,2.0 TDI,110,CRLB
40,5,2.0 TDI,110,CRBC
41,5,35 TDI,110,DFGA
42,5,2.0 TDI,100,CRBD
43,5,2.0 TDI,100,CRLC
44,6,2.0 TDI quattro,110,DFGA
45,6,2.0 TDI quattro,110,DTTC
46,6,2.0 TDI,110,DFGA
47,6,2.0 TDI,110,DTTC
48,6,35 TDI,110,DFGA
49,6,35 TDI,110,DTTC
50,6,35 TDI,110,DXRB
51,6,35 TDI quattro,110,DFGA
52,6,35 TDI quattro,110,DTTC
53,6,35 TDI quattro,110,DXRB
54,7,2.0 TDI,100,DFTB
55,7,2.0 TDI,100,CUVB
56,7,2.0 TDI,100,CFFA
57,7,2.0 TDI,110,CUVC
58,7,2.0 TDI,110,DBBA
59,7,2.0 TDI,110,DFTA
60,7,2.0 TDI quattro,110,CUVC
61,7,2.0 TDI quattro,110,DFTA
62,7,2.0 TDI,88,DFTC
63,7,2.0 TDI,88,CUVD
64,7,35 TDI quattro,110,DFGA
65,7,35 TDI quattro,110,DTSB
66,7,35 TDI quattro,110,DTSA
67,7,35 TDI,110,DFGA
68,7,35 TDI,110,DTSB
69,7,35 TDI,110,DTSA
70,7,35 TDI,110,DXPA
71,8,35 TDI,110,DFGA
72,8,35 TDI,110,DTSB
73,8,35 TDI,110,DTSA
74,8,35 TDI,110,DXPA
75,8,35 TDI quattro,110,DFGA
76,8,35 TDI quattro,110,DTSB
77,8,35 TDI quattro,110,DTSA
78,9,2.0 TDI 4Drive,110,DFLA
79,9,2.0 TDI 4Drive,110,CUVC
80,9,2.0 TDI 4Drive,110,DLTA
81,9,2.0 TDi 4Drive,130,DLUB
82,9,2.0 TDI,85,CFFE
83,9,2.0 TDI,85,CUVA
84,9,2.0 TDI,85,DLTC
85,9,2.0 TDI,85,DFLD
86,9,2.0 TDI,110,DLTA
87,9,2.0 TDI,110,DFLA
88,9,2.0 TDI,110,CUVC
89,10,TDI 4Drive,110,CUVC
90,10,TDI,110,CUVC
91,10,TDI,110,DFLA
92,11,2.0 TDI 4Drive,110,DFFA
93,11,2.0 TDI 4Drive,110,DTTC
94,11,2.0 TDI,105,CRVC
95,11,2.0 TDI,110,DFFA
96,11,2.0 TDI,110,DTTC
97,11,2.0 TDI,110,DTTA
98,11,2.0 TDI,110,DXRB
99,11,2.0 TDI,81,CRVA
100,12,2.0 TDI,110,DFFA
101,12,2.0 TDI,110,CRMB
102,12,2.0 TDI,110,CKFC
103,12,2.0 TDI,81,CRLD
104,12,2.0 TDI,81,CRVA
105,13,2.0 TDI,110,CRMB
106,13,2.0 TDI,110,CKFC
107,14,2.0 TDI,110,DFFA
108,14,2.0 TDI,110,DFGA
109,14,2.0 TDI,110,CRMB
110,14,2.0 TDI,110,CRLB
111,14,2.0 TDI,110,CKFC
112,14,2.0 TDI,110,CRBC
113,14,2.0 TDI,81,CRVA
114,14,2.0 TDI,81,CRLD
115,14,2.0 TDI 4Drive,110,DFGA
116,14,2.0 TDI 4Drive,110,DCYA
117,14,2.0 TDI 4Drive,110,CRMB
118,14,2.0 TDI 4Drive,110,CRLB
119,14,2.0 TDI 4Drive,110,CRBC
120,15,2.0 TDI 4Drive,110,DFGA
121,15,2.0 TDI,110,DFGA
122,15,2.0 TDI,110,DTSA
123,15,2.0 TDI,110,DTSB
124,16,2.0 TDI,110,DFFA
125,16,2.0 TDI,110,DTTA
126,16,2.0 TDI 4x4,110,DFFA
127,16,2.0 TDI 4x4,110,DTTC
128,16,2.0 TDI 4x4,110,DXRB
129,17,2.0 TDI 4x4,110,DTSB
130,17,2.0 TDI 4x4,110,DBGC
131,17,2.0 TDI 4x4,110,DFGA
132,17,2.0 TDI,110,DFGA
133,17,2.0 TDI,110,DBGC
134,17,2.0 TDI,110,DTSB
135,18,2.0 TDI 4x4,110,DFFA
136,18,2.0 TDI 4x4,110,CRMB
137,18,2.0 TDI 4x4,110,DCYA
138,18,2.0 TDI 4x4,110,CKFC
139,18,2.0 TDI,110,CYKA
140,18,2.0 TDI,110,CKFC
141,18,2.0 TDI,110,CRMB
142,18,2.0 TDI,110,DFFA
143,18,2.0 TDI,110,DCYA
144,19,2.0 TDI,110,DFFA
145,19,2.0 TDI,110,CYKA
146,19,2.0 TDI,110,CKFC
147,19,2.0 TDI,110,CRMB
148,19,2.0 TDI,110,DCYA
149,19,2.0 TDI 4x4,110,CKFC
150,19,2.0 TDI 4x4,110,CRMB
151,19,2.0 TDI 4x4,110,DCYA
152,19,2.0 TDI 4x4,110,DFFA
153,20,2.0 TDI 4x4,110,CRLB
154,20,2.0 TDI 4x4,110,DFEA
155,20,2.0 TDI 4x4,110,DFGA
156,20,2.0 TDI,110,CRLB
157,20,2.0 TDI,110,DFEA
158,20,2.0 TDI,110,DFGA
159,20,2.0 TDI,110,DSRA
160,20,2.0 TDI,110,DSRB
161,20,2.0 TDI,110,DTSB
162,20,2.0 TDI,110,DTSA
163,21,2.0 TDI 4x4,110,CRLB
164,21,2.0 TDI 4x4,110,DFEA
165,21,2.0 TDI 4x4,110,DFGA
166,21,2.0 TDI,110,CRLB
167,21,2.0 TDI,110,DFEA
168,21,2.0 TDI,110,DFGA
169,21,2.0 TDI,110,DSRA
170,21,2.0 TDI,110,DSRB
171,21,2.0 TDI,110,DTSB
172,21,2.0 TDI,110,DTSA
173,22,2.0 TDI,110,DSRB
174,22,2.0 TDI,110,DFGA
175,22,2.0 TDI,110,DBGA
176,22,2.0 TDI,110,DSRA
177,22,2.0 TDI,110,DTSA
178,22,2.0 TDI,110,DTSB
179,22,2.0 TDI,110,DXPA
180,23,2.0 TDI 4motion,140,DFHA
181,24,2.0 TDI 4motion,110,CRBC
182,24,2.0 TDI 4motion,110,DCYA
183,24,2.0 TDI 4motion,110,CRLB
184,24,2.0 TDI 4motion,110,DFGA
185,25,2.0 TDI,81,DCYB
186,25,2.0 TDI,81,CRLD
187,25,2.0 TDI,81,CRVA
188,25,2.0 TDI,110,DFGA
189,25,2.0 TDI,110,DCYA
190,25,2.0 TDI,110,CRLB
191,26,2.0 TDi,110,DCYA
192,26,2.0 TDi,110,CRLB
193,26,2.0 TDi,110,CRBC
194,26,2.0 TDi 4motion,110,CRLB
195,26,2.0 TDi 4motion,110,CRBC
196,26,2.0 TDi 4motion,110,DCYA
197,27,2.0 TDI,81,DEJB
198,27,2.0 TDI,81,CYKB
199,27,2.0 TDI,81,DFGB
200,27,2.0 TDI,81,DCYB
201,27,2.0 TDI,81,CRVA
202,27,2.0 TDI,110,DFGA
203,27,2.0 TDI,110,CRMB
204,27,2.0 TDI,110,CRBC
205,27,2.0 TDI,110,DCYA
206,27,2.0 TDI,110,CRUA
207,27,2.0 TDI,110,CRLB
208,27,2.0 TDI,110,DEJA
209,27,2.0 TDI 4motion,110,CRMB
210,27,2.0 TDI 4motion,110,CRBC
211,27,2.0 TDI 4motion,110,DCYA
212,27,2.0 TDI 4motion,110,CRLB
213,27,2.0 TDI 4motion,110,CKFC
214,27,2.0 TDI 4motion,110,DFGA
215,28,2.0 TDi 4motion,110,CRBC
216,29,2.0 TDI,81,DEJB
217,29,2.0 TDI,81,CYKB
218,29,2.0 TDI,81,CRLD
219,29,2.0 TDI,81,CRVA
220,29,2.0 TDI,81,DCYB
221,29,2.0 TDI,81,DFGB
222,29,2.0 TDI 4motion,110,CRBC
223,29,2.0 TDI 4motion,110,DCYA
224,29,2.0 TDI 4motion,110,CRLB
225,29,2.0 TDI 4motion,110,DFGA
226,29,2.0 TDI,110,DFGA
227,29,2.0 TDI,110,CRBC
228,29,2.0 TDI,110,DCYA
229,29,2.0 TDI,110,CRUA
230,29,2.0 TDI,110,CRLB
231,29,2.0 TDI,110,DEJA
232,30,2.0 TDI 4motion,110,DFEA
233,30,2.0 TDI 4motion,110,CRLB
234,30,2.0 TDI 4motion,110,DFGA
235,31,2.0 TDI,110,DBGA
236,31,2.0 TDI,110,DFGA
237,31,2.0 TDI,110,CRLB
238,31,2.0 TDI,110,DSRA
239,31,2.0 TDI,110,DSRB
240,31,2.0 TDI,110,DTSB
241,31,2.0 TDI,110,DTSA
242,31,2.0 TDI 4motion,110,DFEA
243,31,2.0 TDI 4motion,110,CRLB
244,31,2.0 TDI 4motion,110,DFGA
245,31,2.0 TDI 4motion,110,DTSA
246,32,2.0 TDI,110,DBGA
247,32,2.0 TDI,110,DFGA
248,32,2.0 TDI,110,CRLB
249,32,2.0 TDI,110,DSRA
250,32,2.0 TDI,110,DSRB
251,32,2.0 TDI,110,DTSB
252,32,2.0 TDI,110,DTSA
253,32,2.0 TDI 4motion,110,DFEA
254,32,2.0 TDI 4motion,110,CRLB
255,32,2.0 TDI 4motion,110,DFGA
256,32,2.0 TDI 4motion,110,DTSA
257,33,2.0 TDI,110,DLTA
258,33,2.0 TDI,110,DFLA
259,33,2.0 TDI,110,CUVC
260,33,2.0 TDI 4motion,110,DLTA
261,33,2.0 TDI 4motion,110,DFLA
262,33,2.0 TDI 4motion,110,CUVC
263,33,2.0 TDI,85,DFLD
264,33,2.0 TDI,85,CUVA
265,33,2.0 TDI,85,CFFE
266,33,2.0 TDI,85,DLTC
267,34,2.0 TDI,110,DXRB
268,34,2.0 TDI,110,DFFA
269,34,2.0 TDI,110,DTTA
270,34,2.0 TDI,110,DTTC
271,34,2.0 TDI 4motion,110,DFFA
272,34,2.0 TDI 4motion,110,DTTC
273,34,2.0 TDI 4motion,110,DXRB
274,35,2.0 TDI 4motion,110,CUVC
275,35,2.0 TDI,110,CUVC
276,35,2.0 TDI,81,CUVE
277,35,2.0 TDI,81,CFFD
278,35,2.0 TDI,110,DFGA
279,35,2.0 TDI,110,DTSA
280,35,2.0 TDI,110,DTSB
281,35,2.0 TDI,85,DFGC
282,35,2.0 TDI 4motion,110,DBGC
283,35,2.0 TDI 4motion,110,DFGA
284,35,2.0 TDI 4motion,110,DTSA
285,35,2.0 TDI 4motion,110,DTSB
286,35,2.0 TDI,81,CYKC
287,36,2.0 TDI 4motion,110,DFGA
288,36,2.0 TDI 4motion,110,DBGC
289,36,2.0 TDI 4motion,110,DTSA
290,36,2.0 TDI 4motion,110,DTSB
291,36,2.0 TDI,110,DFGA
292,36,2.0 TDI,110,DTSA
293,36,2.0 TDI,110,DTSB
294,37,2.0 TDI,85,DFGC
295,37,2.0 TDI,110,DFEA
296,37,2.0 TDI,110,DFGA
297,37,2.0 TDI,110,DTSB
298,37,2.0 TDI,110,DXPA
299,37,2.0 TDI,81,CYKB
300,37,2.0 TDI,81,DFGB
301,37,2.0 TDI,81,DFEB
302,37,2.0 TDI,81,CRVA
303,38,330 d,150,M57 D30
304,38,330 xd,150,M57 D30
305,39,330 Cd,150,M57 D30
306,40,330 Cd,150,M57 D30
307,41,330 xd,150,M57 D30
308,41,330 d,150,M57 D30
309,42,3.0 d,150,M57 D30
310,43,1.6 HDi 90 16V,66,9HS
311,43,1.6 HDi 90 16V,66,9HX
312,43,1.6 HDi 110,80,9HZ
313,44,1.6 HDi 110,80,9HZ
314,44,1.6 HDi 90,66,9HX
315,44,1.6 HDi 90,66,9HV
316,45,1.6 HDi,80,9HZ
317,46,1.6 16V HDi,80,9HZ
318,47,1.6 HDi,80,9HZ
319,48,1.6 HDi,80,9HZ
320,48,1.6 HDi,80,9HY
321,48,1.6 HDi,66,9HX
322,48,1.6 HDi,66,9HV
323,49,1.6 HDi,80,9HZ
324,49,1.6 HDi,80,9HY
325,50,1.6 HDi,80,9HZ
326,50,1.6 HDi,80,9HY
327,50,1.6 HDi,85,9HY
328,50,1.6 HDi,66,9HX
329,50,1.6 HDi,66,9HV
330,51,1.6 HDi,80,9HZ
331,51,1.6 HDi,80,9HY
332,51,1.6 HDi,85,9HY
333,52,1.6 HDi,80,9HZ
334,52,1.6 HDi,80,9HY
335,53,1.6 HDi,80,9HZ
336,53,1.6 HDi,80,9HY
337,54,1.6 HDi,80,9HZ
338,54,1.6 HDi,80,9HY
339,55,1.6 HDi,80,9HZ
340,55,1.6 HDi,80,9HY
341,56,1.6 HDi 110,80,9HZ
342,57,1.6 HDi 110,80,9HZ
343,58,1.6 HDi,80,9HZ
344,58,1.6 HDi,80,9HY
345,59,1.6 DI Turbo,80,Y601
346,59,1.6 DI Turbo,80,Y642
347,59,1.6 DI Turbo,80,Y603
348,59,1.6 DI Turbo,80,Y605
349,59,1.6 MZ-CD,66,Y406
350,59,1.6 MZ-CD,80,Y642
351,60,1.6 DI Turbo,80,Y601
352,60,1.6 DI Turbo,80,Y642
353,60,1.6 DI Turbo,80,Y603
354,60,1.6 DI Turbo,80,Y605
355,60,1.6 MZR CD,80,Y642
356,61,Cooper D,80,9HZ
357,61,Cooper D,80,W16 D16
358,61,One D,66,9HZ
359,62,Cooper D,80,9HZ
360,63,1.6 HDi,80,9HZ
361,64,1.6 HDi 110,80,9HZ
362,65,1.6 HDi 110,80,9HY
363,65,1.6 HDi 110,80,9HZ
364,66,1.6 HDi 110,80,9HZ
365,67,1.6 HDi,80,9HY
366,67,1.6 HDi,80,9HZ
367,67,1.6 HDi,66,9HV
368,67,1.6 HDi,66,9HX
369,68,1.6 HDi,80,9HZ
370,69,1.6 HDi,80,9HZ
371,69,1.6 HDi,66,9HX
372,70,1.6 HDi,66,9HX
373,70,1.6 HDi,66,9HV
374,70,1.6 HDi,80,9HZ
375,71,1.6 HDi,80,9HZ
376,72,1.6 HDi,80,9HZ
377,73,HDi 110,80,9HZ
378,74,1.6 HDi 110,80,9HY
379,74,1.6 HDi 110,80,9HZ
380,74,1.6 HDi,66,9HV
381,74,1.6 HDi,66,9HX
382,75,1.6 HDi,66,9HX
383,75,1.6 HDi,66,9HV
384,75,1.6 HDi 110,80,9HY
385,75,1.6 HDi 110,80,9HZ
386,76,1.6 HDI 110,80,9HY
387,76,1.6 HDI 110,80,9HZ
388,76,1.6 HDI 90,66,9HX
389,76,1.6 HDI 90,66,9HV
390,77,1.6 HDi,82,9HZ
391,78,1.6 HDi,80,9HZ
392,78,1.6 HDi,80,9HY
393,78,1.6 HDi,66,9HV
394,78,1.6 HDi,66,9HX
395,79,1.6 HDi,80,9HZ
396,79,1.6 HDi,80,9HY
397,79,1.6 HDi,66,9HV
398,79,1.6 HDi,66,9HX
399,80,1.6 HDi,80,9HZ
400,81,1.6 HDi 110,80,9HZ
401,81,1.6 HDi 110,80,9HY
402,82,1.6 HDi 110,80,9HZ
403,82,1.6 HDi 110,80,9HY
404,83,1.6 HDi,80,9HZ
405,84,1.6 HDi 16V 4x4,66,9HX
406,84,1.6 HDi 16V 4x4,66,9HS
407,84,1.6 HDi,80,9HZ
408,84,1.6 HDi 16V,66,9HX
409,84,1.6 HDi 16V,66,9HS
410,85,1.6 HDi 16V,66,9HX
411,85,1.6 HDi 16V,66,9HS
412,86,1.6 HDi 16V,66,9HV
413,86,1.6 HDi,80,9HZ
414,87,1.9 D Multijet,88,939 A1.000
415,88,1.9 CDTI,74,Z 19 DTL
416,89,1.9 CDTI,88,Z 19 DT
417,90,1.9 CDTI VAN,88,Z 19 DT
418,91,1.9 TiD,88,Z 19 DT
419,92,1.9 TiD,88,Z 19 DT
420,2,2.0 TDI 16V,103,CBEA
421,2,2.0 TDI 16V,103,CLJA
422,2,2.0 TDI 16V,103,CFFB
423,2,2.0 TDI 16V,103,BKD
424,2,2.0 TDI 16V,103,CBAB
425,2,2.0 TDI 16V quattro,103,CFFB
426,2,2.0 TDI 16V quattro,103,BKD
427,2,2.0 TDI 16V quattro,103,CBAB
428,2,2.0 TDI,100,AZV
429,2,2.0 TDI,100,CFFA
430,2,2.0 TDI,100,CBAA
431,3,2.0 TDI,100,CFFA
432,3,2.0 TDI,100,CBAA
433,3,2.0 TDI,103,CFFB
434,3,2.0 TDI,103,CBAB
435,5,2.0 TDI 16V quattro,103,CFFB
436,5,2.0 TDI 16V quattro,103,BKD
437,5,2.0 TDI 16V quattro,103,CBAB
438,5,2.0 TDI 16V,103,CBEA
439,5,2.0 TDI 16V,103,CLJA
440,5,2.0 TDI 16V,103,CFFB
441,5,2.0 TDI 16V,103,BKD
442,5,2.0 TDI 16V,103,CBAB
443,5,2.0 TDI,100,AZV
444,5,2.0 TDI,100,CFFA
445,5,2.0 TDI,100,CBAA
446,7,2.0 TDI quattro,103,CFFB
447,7,2.0 TDI,103,CLJA
448,7,2.0 TDI,103,CFFB
449,9,2.0 TDI 4Drive,103,CFFB
450,9,2.0 TDI,100,CFFA
451,9,2.0 TDI,103,CFFB
452,93,2.0 TDI 16V,103,CFHC
453,93,2.0 TDI 16V,103,BKD
454,94,2.0 TDI 16V,103,CFHC
455,94,2.0 TDI 16V,103,BKD
456,94,2.0 TDI 16V 4x4,103,CFHC
457,12,2.0 TDI 16V,103,CLCB
458,12,2.0 TDI 16V,103,CFHC
459,12,2.0 TDI 16V,103,BKD
460,95,2.0 TDI,81,CFHF
461,95,2.0 TDI,81,CLCA
462,95,2.0 TDI 16V,103,BKD
463,95,2.0 TDI 16V,103,CLCB
464,95,2.0 TDI 16V,103,CFHC
465,96,2.0 TDI,81,CFHF
466,96,2.0 TDI,81,CLCA
467,96,2.0 TDI 16V,103,BKD
468,96,2.0 TDI 16V,103,CLCB
469,96,2.0 TDI 16V,103,CFHC
470,96,2.0 TDI 16V 4x4,103,CFHC
471,96,2.0 TDI 16V 4x4,103,BKD
472,96,2.0 TDI 16V 4x4,103,CLCB
473,96,2.0 TDI 4x4,81,CFHF
474,97,2.0 TDI 16V 4x4,103,CFFB
475,97,2.0 TDI 16V,103,BKD
476,97,2.0 TDI 16V,103,CFFB
477,97,2.0 TDI 16V,103,CLJA
478,98,2.0 TDI 16V 4x4,103,CFFB
479,98,2.0 TDI 16V,103,BKD
480,98,2.0 TDI 16V,103,CFFB
481,98,2.0 TDI 16V,103,CLJA
482,99,2.0 TDI 4x4,103,CBDB
483,99,2.0 TDI 4x4,103,CLCB
484,99,2.0 TDI 4x4,103,CFHC
485,99,2.0 TDI 4x4,81,CUUA
486,99,2.0 TDI 4x4,81,DFSA
487,99,2.0 TDI 4x4,81,CFHF
488,99,2.0 TDI,103,CFHC
489,99,2.0 TDI,103,CLCB
490,99,2.0 TDI,81,CUUA
491,99,2.0 TDI,81,CFHA
492,99,2.0 TDI,81,DFSA
493,99,2.0 TDI,81,CLCA
494,100,2.0 TDI,103,CJAA
495,100,2.0 TDI,103,CFFB
496,101,2.0 TDI,103,CJAA
497,101,2.0 TDI,103,CFFB
498,102,2.0 TDI,103,CFHC
499,102,2.0 TDI,103,CLCB
500,102,2.0 TDI 4motion,103,CFHC
501,102,2.0 TDI,81,CLCA
502,102,2.0 TDI 4motion,81,CFHF
503,103,2.0 TDI 4motion,81,CFHF
504,103,2.0 TDI 4motion,81,CLCA
505,103,2.0 TDI 4motion,103,CFHC
506,103,2.0 TDI,103,CFHC
507,103,2.0 TDI,103,CLCB
508,104,2.0 TDI 16V,103,CLCB
509,104,2.0 TDI 16V,103,CFHC
510,104,2.0 TDI,62,CFHE
511,104,2.0 TDI 4motion,81,CFHF
512,104,2.0 TDI,81,CLCA
513,104,2.0 TDI 16V 4motion,103,CFHC
514,104,2.0 TDI 4motion,62,CFHE
515,105,2.0 TDI 4motion,81,CFHF
516,105,2.0 TDI 16V,103,CLCB
517,105,2.0 TDI 16V,103,CFHC
518,105,2.0 TDI,81,CLCA
519,105,2.0 TDI 16V 4motion,103,CFHC
520,106,2.0 TDI 4motion,81,CFHF
521,106,2.0 TDI 4motion,81,CLCA
522,106,2.0 TDI 4motion,103,CFHC
523,106,2.0 TDI,103,CLCB
524,106,2.0 TDI,103,CFHC
525,107,2.0 TDI 4motion,103,CFHC
526,107,2.0 TDI,103,CLCB
527,107,2.0 TDI,103,CFHC
528,107,2.0 TDI 4motion,81,CFHF
529,107,2.0 TDI 4motion,81,CLCA
530,108,2.0 TDI 4motion,103,CFFB
531,108,2.0 TDI,103,CFFB
532,108,2.0 TDI,100,CFFA
533,109,2.0 TDI 16V,103,CBAB
534,109,2.0 TDI 16V,103,CFFB
535,109,2.0 TDI,100,CFFA
536,110,2.0 TDI,100,CFHB
537,110,2.0 TDI,100,AZV
538,110,2.0 TDI,100,CBDA
539,110,2.0 TDI,81,CLCA
540,110,2.0 TDI,81,CBDC
541,110,2.0 TDI 16V,103,BKD
542,110,2.0 TDI 16V,103,CBDB
543,110,2.0 TDI 16V,103,CFHC
544,111,2.0 TDi,103,CFHC
545,112,2.0 TDi,103,CBDB
546,112,2.0 TDi,103,CFHC
547,113,2.0 TDI,100,CFFA
548,113,2.0 TDI,100,CBAA
549,113,2.0 TDI 4motion,103,CBAB
550,113,2.0 TDI 4motion,103,CFFB
551,113,2.0 TDI,81,CLCA
552,113,2.0 TDI,81,CBDC
553,113,2.0 TDI,103,CJAA
554,113,2.0 TDI,103,CBAB
555,113,2.0 TDI,103,CFFB
556,114,2.0 TDI,103,CFHC
557,115,2.0 TDi,103,CFFB
558,115,2.0 TDi,103,CJAA
559,116,2.0 TDI,103,CJAA
560,116,2.0 TDI,103,CBDB
561,116,2.0 TDI,103,CFHC
562,116,2.0 TDI,100,CBDA
563,116,2.0 TDI,100,CFHB
564,116,2.0 TDI,81,CLCA
565,117,2.0 TDI,103,CLCB
566,117,2.0 TDI,103,CJAA
567,117,2.0 TDI,103,CFFB
568,117,2.0 TDI,103,CFHC
569,117,2.0 TDI,81,CUUA
570,117,2.0 TDI,81,CLCA
571,118,2.0 TDI,103,CFFB
572,118,2.0 TDI 4motion,103,CFFB
573,119,2.0 TDI,103,CFFB
574,119,2.0 TDI,100,CFFA
575,119,2.0 TDI 4motion,103,CFFB
576,120,2.0 TDI,103,CFFB
577,121,2.0 TDI,103,CFFB
578,121,2.0 TDI,100,CFFA
579,121,2.0 TDI 4motion,103,CFFB
580,122,2.0 TDI 4motion,103,CBAB
581,122,2.0 TDI 4motion,103,CFFB
582,122,2.0 TDI,103,CBAB
583,122,2.0 TDI,103,CFFB
584,122,2.0 TDI,100,CFFA
585,122,2.0 TDI,100,CBAA
586,123,2.0 TDI,100,CFHB
587,123,2.0 TDI,103,CBDB
588,123,2.0 TDI,103,CFHC
589,124,2.0 TDi,103,CBDB
590,124,2.0 TDi,103,CFHC
591,33,2.0 TDI,103,CFFB
592,33,2.0 TDI,100,CFFA
593,33,2.0 TDI 4motion,103,CFFB
594,125,2.0 TDI,103,CFFB
595,125,2.0 TDI,85,CFFE
596,125,2.0 TDI,100,CFFA
597,35,2.0 TDI 4motion,103,CLJA
598,35,2.0 TDI 4motion,103,CBAB
599,35,2.0 TDI 4motion,103,CFFB
600,35,2.0 TDI,103,CBAB
601,35,2.0 TDI,103,CFFB
602,35,2.0 TDI 4motion,100,CFFA
603,35,2.0 TDI 4motion,100,CBAA
604,126,2.0 TDI,81,CFFD
605,126,2.0 TDI 4motion,103,CBAB
606,126,2.0 TDI 4motion,103,CFFB
607,126,2.0 TDI 4motion,103,CLJA
608,126,2.0 TDI,103,CFFB
609,37,2.0 TDI,81,CLCA
610,37,2.0 TDI,81,CFHF
611,37,2.0 TDI,103,CFHC
612,127,2.0 TDI,103,CFHC
613,12,1.9 TDI,96,ASZ
614,128,1.9 TDI,96,ASZ
615,129,1.9 TDI,96,ASZ
616,130,1.9 TDI,96,ASZ
617,131,1.9 TDI,96,ASZ
618,131,1.9 TDI 4motion,96,ASZ
619,132,1.9 TDI 4motion,96,ASZ
620,132,1.9 TDI,96,ASZ
621,133,1.9 TDI 4motion,96,ASZ
622,133,1.9 TDI,96,ASZ
623,134,1.9 TDI,96,ASZ
624,135,1.9 TDI,96,ASZ
625,135,1.9 TDI 4motion,96,ASZ
626,136,1.9 TDI,96,ASZ
627,33,1.9 TDI,96,ASZ
628,125,1.9 TDI,96,ASZ
629,2,2.0 TDI,125,BMN
630,2,2.0 TDI,125,CFGB
631,2,2.0 TDI,125,CBBB
632,2,2.0 TDI quattro,125,CFGB
633,2,2.0 TDI quattro,125,BMN
634,2,2.0 TDI quattro,125,CBBB
635,5,2.0 TDI quattro,125,BMN
636,5,2.0 TDI quattro,125,CFGB
637,5,2.0 TDI quattro,125,CBBB
638,5,2.0 TDI,125,CFGB
639,5,2.0 TDI,125,BMN
640,5,2.0 TDI,125,CBBB
641,137,2.0 TDI quattro,125,CFGB
642,137,2.0 TDI quattro,125,CBBB
643,138,2.0 TDI quattro,125,CFGB
644,138,2.0 TDI quattro,125,CBBB
645,9,2.0 TDI,125,CFGB
646,94,2.0 TDI 4x4,125,BMN
647,94,2.0 TDI 4x4,125,CFJA
648,94,2.0 TDI 4x4,125,CEGA
649,12,2.0 TDI,125,BMN
650,12,2.0 TDI,125,CFJA
651,12,2.0 TDI,125,CEGA
652,97,2.0 TDI,125,CFGB
653,97,2.0 TDI,125,CBBB
654,97,2.0 TDI 4x4,125,CFGB
655,97,2.0 TDI 4x4,125,CBBB
656,98,2.0 TDI 4x4,125,CFGB
657,98,2.0 TDI 4x4,125,CBBB
658,98,2.0 TDI,125,CFGB
659,98,2.0 TDI,125,CBBB
660,99,2.0 TDI 4x4,125,CFJA
661,99,2.0 TDI 4x4,125,CEGA
662,113,2.0 TDI,125,CFGB
663,113,2.0 TDI,125,CBBB
664,115,2.0 TDi,125,CFGB
665,119,2.0 TDI 4motion,125,CFGB
666,119,2.0 TDI,125,CFGB
667,119,2.0 TDI,125,CLLA
668,120,2.0 TDI,125,CFGB
669,120,2.0 TDI,125,CLLA
670,121,2.0 TDI 4motion,125,CFGB
671,121,2.0 TDI,125,CFGB
672,121,2.0 TDI,125,CLLA
673,122,2.0 TDI 4motion,125,CFGB
674,122,2.0 TDI 4motion,125,CBBB
675,122,2.0 TDI,125,CFGB
676,122,2.0 TDI,125,CBBB
677,122,2.0 TDI,125,CLLA
678,123,2.0 TDI,125,CFGB
679,123,2.0 TDI,125,CBBB
680,124,2.0 TDi,125,CBBB
681,124,2.0 TDi,125,CFGB
682,33,2.0 TDI,125,CFGB
683,125,2.0 TDI,125,CFGB
684,35,2.0 TDI 4motion,125,CFGB
685,35,2.0 TDI 4motion,125,CBBB
686,126,2.0 TDI 4motion,125,CFGB
687,37,2.0 TDI,125,BMN
688,37,2.0 TDI,125,CFJA
689,127,2.0 TDi,125,CFJA
690,139,2.0 TDCi,98,G6DE
691,139,2.0 TDCi,98,G6DC
692,139,2.0 TDCi,98,G6DF
693,139,2.0 TDCi,100,G6DD
694,139,2.0 TDCi,100,G6DG
695,139,2.0 TDCi,100,G6DA
696,139,2.0 TDCi,100,G6DB
697,139,2.0 TDCi,81,IXDA
698,140,2.0 TDCi,125,T8DE
699,140,2.0 TDCi,125,T8DF
700,140,2.0 TDCi,100,UKDB
701,141,2.0 TDCi,100,G6DD
702,141,2.0 TDCi,100,G6DG
703,141,2.0 TDCi,100,G6DB
704,141,2.0 TDCi,100,G6DA
705,141,2.0 TDCi,98,G6DE
706,141,2.0 TDCi,98,G6DC
707,141,2.0 TDCi,98,G6DF
708,142,2.0 TDCi,100,G6DG
709,142,2.0 TDCi,100,G6DD
710,142,2.0 TDCi,100,G6DB
711,142,2.0 TDCi,100,G6DA
712,142,2.0 TDCi,98,G6DE
713,142,2.0 TDCi,98,G6DF
714,142,2.0 TDCi,81,IXDA
715,143,2.0 TDCi,100,G6DD
716,143,2.0 TDCi,100,G6DA
717,143,2.0 TDCi,100,G6DB
718,143,2.0 TDCi,100,G6DG
719,144,2.0 TDCi,100,G6DB
720,144,2.0 TDCi,81,IXDA
721,145,2.0 TDCi,81,IXDA
722,145,2.0 TDCi,100,G6DD
723,145,2.0 TDCi,100,G6DA
724,145,2.0 TDCi,100,G6DB
725,145,2.0 TDCi,100,G6DG
726,146,2.0 TDCi,98,G6DE
727,146,2.0 TDCi,98,G6DF
728,146,2.0 TDCi,100,G6DG
729,146,2.0 TDCi,100,G6DD
730,146,2.0 TDCi,100,G6DB
731,146,2.0 TDCi,100,G6DA
732,146,2.0 TDCi,81,IXDA
733,147,2.0 TDCi,100,UKDB
734,148,2.0 TDCi,100,UKDB
735,149,2.0 TDCi,100,UKDB
736,150,1.9 TDI,96,ASZ
737,150,1.9 TDI,81,AFN
738,150,1.9 TDI,81,AVG
739,151,2.0 TDCi,100,UKWA
740,151,2.0 TDCi,100,AZWC
741,151,2.0 TDCi,96,AZWA
742,152,TDCi,96,AZWA
743,153,2.0 TDCi,100,UKDB
744,153,2.0 TDCi,125,T8DE
745,153,2.0 TDCi,125,T8DF
746,154,2.0 TDCi,125,T8DE
747,155,2.0 TDCi 4x4,100,G6DG
748,155,2.0 TDCi 4x4,100,UKDA
749,155,2.0 TDCi,100,G6DG
750,155,2.0 TDCi,100,UKDA
751,156,2.0 TDCi,100,UKMA
752,156,2.0 TDCi 4x4,100,UKMA
753,157,2.0 DI,92,PD20FMCR
754,157,2.0 TDCi,96,N7BA
755,157,2.0 TDCi,96,FMBA
756,157,2.0 TDCi,96,N7BB
757,158,2.0 DI,92,PD20FMCR
758,158,2.0 TDCi,96,N7BA
759,158,2.0 TDCi,96,FMBA
760,158,2.0 TDCi,96,N7BB
761,159,2.0 TDCi,96,N7BA
762,159,2.0 TDCi,96,FMBA
763,159,2.0 TDCi,96,N7BB
764,160,2.0 TDCi,100,UKBA
765,160,2.0 TDCi,100,UKBB
766,160,2.0 TDCi,100,AZBC
767,160,2.0 TDCi,96,AZBA
768,161,2.0 TDCi,100,UKBA
769,161,2.0 TDCi,100,UKBB
770,161,2.0 TDCi,100,AZBC
771,161,2.0 TDCi,96,AZBA
772,162,2.0 TDCi,96,AZBA
773,162,2.0 TDCi,100,UKBA
774,162,2.0 TDCi,100,UKBB
775,162,2.0 TDCi,100,AZBC
776,163,2.0 EcoBlue,125,T20DD0J
777,163,2.0 EcoBlue 4x4,125,T20DD0J
778,163,2.0 EcoBlue 4x4,125,BC2X
779,163,2.0 EcoBlue 4x4,96,T20DD0J
780,164,2.0 EcoBlue 4x4,125,P02X
781,164,2.0 EcoBlue 4x4,125,P02S
782,165,2.0 TDCi,100,UKWA
783,165,2.0 TDCi,100,AZWC
784,165,2.0 TDCi,96,AZWA
785,166,2.0 EcoBlue,75,ENUF
786,167,2.0 EcoBlue,96,YMF6
787,167,2.0 EcoBlue,96,YMFA
788,167,2.0 EcoBlue,96,YMFB
789,167,2.0 EcoBlue,96,BKFA
790,167,2.0 EcoBlue,96,BKFB
791,167,2.0 EcoBlue,96,YMFS
792,167,2.0 EcoBlue,125,YNFA
793,167,2.0 EcoBlue,125,YNFB
794,167,2.0 EcoBlue,125,BLFA
795,167,2.0 EcoBlue,125,BLFB
796,167,2.0 EcoBlue,125,YNFS
797,167,2.0 EcoBlue,125,YNF6
798,167,2.0 EcoBlue,136,BCFB
799,167,2.0 EcoBlue,136,BCFA
800,167,2.0 EcoBlue mHEV,96,BKFC
801,167,2.0 EcoBlue mHEV,96,BKFD
802,167,2.0 EcoBlue,77,YLFA
803,167,2.0 EcoBlue,77,YLFB
804,167,2.0 EcoBlue,77,BJFA
805,167,2.0 EcoBlue,77,BJFB
806,167,2.0 EcoBlue,77,YLFS
807,167,2.0 EcoBlue,77,YLF6
808,167,2.0 EcoBlue mHEV,136,BCFD
809,167,2.0 EcoBlue mHEV,136,BCFC
810,168,2.0 EcoBlue,125,BKFA
811,168,2.0 EcoBlue,100,BJFA
812,168,2.0 EcoBlue AWD,100,BJAA
813,168,2.0 EcoBlue AWD,125,BKAA
814,168,2.0 EcoBlue,81,BCFA
815,169,2.0 TDCi,92,FIFA
816,170,EcoBlue,75,ENUF
817,171,2.0 EcoBlue,125,YNFA
818,171,2.0 EcoBlue,125,YNFB
819,171,2.0 EcoBlue,125,BLFA
820,171,2.0 EcoBlue,125,BLFB
821,171,2.0 EcoBlue,125,YNFS
822,171,2.0 EcoBlue,125,YNF6
823,171,2.0 EcoBlue,96,YMFA
824,171,2.0 EcoBlue,96,YMFB
825,171,2.0 EcoBlue,96,BKFA
826,171,2.0 EcoBlue,96,BKFB
827,171,2.0 EcoBlue,96,YMFS
828,171,2.0 EcoBlue,96,YMF6
829,171,2.0 EcoBlue mHEV,125,BLFC
830,171,2.0 EcoBlue mHEV,125,BLFD
831,171,2.0 EcoBlue,77,YLFA
832,171,2.0 EcoBlue,77,YLFB
833,171,2.0 EcoBlue,77,BJFA
834,171,2.0 EcoBlue,77,BJFB
835,171,2.0 EcoBlue,77,YLFS
836,171,2.0 EcoBlue,77,YLF6
837,171,2.0 EcoBlue mHEV,77,BJFC
838,171,2.0 EcoBlue mHEV,77,BJFD
839,171,2.0 EcoBlue mHEV,136,BCFD
840,171,2.0 EcoBlue mHEV,136,BCFC
841,171,2.0 EcoBlue,136,BCFB
842,171,2.0 EcoBlue,136,BCFA
843,171,2.0 EcoBlue mHEV,96,BKFC
844,171,2.0 EcoBlue mHEV,96,BKFD
845,172,2.0 EcoBlue,136,BCFB
846,172,2.0 EcoBlue,136,BCFA
847,172,2.0 EcoBlue,125,YNFA
848,172,2.0 EcoBlue,125,YNFB
849,172,2.0 EcoBlue,125,BLFA
850,172,2.0 EcoBlue,125,BLFB
851,172,2.0 EcoBlue,125,YNFS
852,172,2.0 EcoBlue,125,YNF6
853,172,2.0 EcoBlue mHEV,125,BLFC
854,172,2.0 EcoBlue mHEV,125,BLFD
855,172,2.0 EcoBlue,77,YLFA
856,172,2.0 EcoBlue,77,YLFB
857,172,2.0 EcoBlue,77,BJFA
858,172,2.0 EcoBlue,77,BJFB
859,172,2.0 EcoBlue,77,YLFS
860,172,2.0 EcoBlue,77,YLF6
861,172,2.0 EcoBlue,96,YMFA
862,172,2.0 EcoBlue,96,YMFB
863,172,2.0 EcoBlue,96,BKFA
864,172,2.0 EcoBlue,96,BKFB
865,172,2.0 EcoBlue,96,YMFS
866,172,2.0 EcoBlue,96,YMF6
867,172,2.0 EcoBlue mHEV,96,BKFC
868,172,2.0 EcoBlue mHEV,96,BKFD
869,172,2.0 EcoBlue mHEV,136,BCFD
870,172,2.0 EcoBlue mHEV,136,BCFC
871,173,2.0 EcoBlue AWD,100,BJAA
872,173,2.0 EcoBlue,81,BCFA
873,173,2.0 EcoBlue,100,BJFA
874,173,2.0 EcoBlue AWD,125,BKAA
875,173,2.0 EcoBlue,125,BKFA
876,174,2.0 EcoBlue AWD,125,BKAA
877,174,2.0 EcoBlue AWD,100,BJAA
878,174,2.0 EcoBlue,100,BJFA
879,174,2.0 EcoBlue,125,BKFA
880,174,2.0 EcoBlue,81,BCFA
881,175,2.0 TDCi,92,FIFA
882,176,2.0,92,FIFA
883,177,2.0 EcoBlue,77,YLFA
884,177,2.0 EcoBlue,77,YLFB
885,177,2.0 EcoBlue,77,BJFA
886,177,2.0 EcoBlue,77,BJFB
887,177,2.0 EcoBlue,77,YLFS
888,177,2.0 EcoBlue,77,YLF6
889,177,2.0 EcoBlue,125,YNFA
890,177,2.0 EcoBlue,125,YNFB
891,177,2.0 EcoBlue,125,BLFA
892,177,2.0 EcoBlue,125,BLFB
893,177,2.0 EcoBlue,125,YNFS
894,177,2.0 EcoBlue,125,YNF6
895,177,2.0 EcoBlue,96,YMFA
896,177,2.0 EcoBlue,96,YMFB
897,177,2.0 EcoBlue,96,BKFA
898,177,2.0 EcoBlue,96,BKFB
899,177,2.0 EcoBlue,96,YMFS
900,177,2.0 EcoBlue,96,YMF6
901,177,2.0 EcoBlue mHEV,125,BLFC
902,177,2.0 EcoBlue mHEV,125,BLFD
903,177,2.0 EcoBlue mHEV,96,BKFC
904,177,2.0 EcoBlue mHEV,96,BKFD
905,177,2.0 EcoBlue,121,BLFB
906,177,2.0 EcoBlue RWD,121,BLHA
907,177,2.0 EcoBlue RWD,96,YMHA
908,177,2.0 EcoBlue RWD,96,BKHA
909,177,2.0 EcoBlue RWD,125,BLHA
910,177,2.0 EcoBlue RWD,125,YNHA
911,178,2.0 EcoBlue mHEV,96,BKFC
912,178,2.0 EcoBlue mHEV,96,BKFD
913,178,2.0 EcoBlue 4x4,121,BLAA
914,178,2.0 EcoBlue RWD,96,YMHA
915,178,2.0 EcoBlue RWD,96,BKRA
916,178,2.0 EcoBlue RWD,96,YMR6
917,178,2.0 EcoBlue,96,YMFA
918,178,2.0 EcoBlue,96,YMFB
919,178,2.0 EcoBlue,96,BKFA
920,178,2.0 EcoBlue,96,BKFB
921,178,2.0 EcoBlue,96,YMFS
922,178,2.0 EcoBlue,96,YMF6
923,178,2.0 EcoBlue RWD,125,BLHA
924,178,2.0 EcoBlue RWD,125,BLRA
925,178,2.0 EcoBlue RWD,125,YNR6
926,178,2.0 EcoBlue RWD,125,YNHA
927,178,2.0 EcoBlue mHEV,125,BLFC
928,178,2.0 EcoBlue mHEV,125,BLFD
929,178,2.0 EcoBlue RWD,121,BLHA
930,178,2.0 EcoBlue 4x4,96,BKRA
931,178,2.0 EcoBlue 4x4,96,YMRA
932,178,2.0 EcoBlue 4x4,96,YMR6
933,178,2.0 EcoBlue,121,BLFB
934,178,2.0 EcoBlue,125,YNFA
935,178,2.0 EcoBlue,125,YNFB
936,178,2.0 EcoBlue,125,BLFA
937,178,2.0 EcoBlue,125,BLFB
938,178,2.0 EcoBlue,125,YNFS
939,178,2.0 EcoBlue,125,YNF6
940,178,2.0 EcoBlue 4x4,125,BLRA
941,178,2.0 EcoBlue 4x4,125,YNR6
942,178,2.0 EcoBlue 4x4,125,YNRB
943,178,2.0 EcoBlue,77,YLFA
944,178,2.0 EcoBlue,77,YLFB
945,178,2.0 EcoBlue,77,BJFA
946,178,2.0 EcoBlue,77,BJFB
947,178,2.0 EcoBlue,77,YLFS
948,178,2.0 EcoBlue,77,YLF6
949,178,2.0 EcoBlue RWD,77,YLRA
950,178,2.0 EcoBlue RWD,77,BJRA
951,178,2.0 EcoBlue RWD,77,YLR6
952,179,2.0 EcoBlue,125,YNFA
953,179,2.0 EcoBlue,125,YNFB
954,179,2.0 EcoBlue,125,BLFA
955,179,2.0 EcoBlue,125,BLFB
956,179,2.0 EcoBlue,125,YNFS
957,179,2.0 EcoBlue,125,YNF6
958,179,2.0 EcoBlue 4x4,125,BLRA
959,179,2.0 EcoBlue 4x4,125,YNR6
960,179,2.0 EcoBlue 4x4,125,YNRB
961,179,2.0 EcoBlue 4x4,96,BKRA
962,179,2.0 EcoBlue 4x4,96,YMRA
963,179,2.0 EcoBlue 4x4,96,YMR6
964,179,2.0 EcoBlue RWD,77,YLRA
965,179,2.0 EcoBlue RWD,77,BJRA
966,179,2.0 EcoBlue RWD,77,YLR6
967,179,2.0 EcoBlue,77,YLFB
968,179,2.0 EcoBlue,77,BJFA
969,179,2.0 EcoBlue,77,BJFB
970,179,2.0 EcoBlue,77,YLFA
971,179,2.0 EcoBlue,77,YLFS
972,179,2.0 EcoBlue,77,YLF6
973,179,2.0 EcoBlue,96,YMFA
974,179,2.0 EcoBlue,96,YMFB
975,179,2.0 EcoBlue,96,BKFA
976,179,2.0 EcoBlue,96,BKFB
977,179,2.0 EcoBlue,96,YMFS
978,179,2.0 EcoBlue,96,YMF6
979,179,2.0 EcoBlue 4x4,121,BLAA
980,179,2.0 EcoBlue,121,BLFB
981,179,2.0 EcoBlue RWD,121,BLHA
982,179,2.0 EcoBlue mHEV,125,BLFC
983,179,2.0 EcoBlue mHEV,125,BLFD
984,179,2.0 EcoBlue mHEV,96,BKFC
985,179,2.0 EcoBlue mHEV,96,BKFD
986,179,2.0 EcoBlue RWD,125,BLHA
987,179,2.0 EcoBlue RWD,125,BLRA
988,179,2.0 EcoBlue RWD,125,YNR6
989,179,2.0 EcoBlue RWD,125,YNHA
990,179,2.0 EcoBlue RWD,96,YMHA
991,179,2.0 EcoBlue RWD,96,YMR6
992,179,2.0 EcoBlue RWD,96,BKRA
993,180,2.0 TDCi,92,FIFA
994,181,2.0 EcoBlue 4x4,125,P02X
995,181,2.0 EcoBlue,125,P02X
996,182,2.0 EcoBlue AWD,125,P02X
997,182,2.0 EcoBlue,125,P02X
998,183,2.0 EcoBlue,125,P02X
999,183,2.0 EcoBlue 4x4,125,P02X
1000,93,2.0 TDI,125,BMN
1001,93,2.0 TDI,125,CEGA
1002,94,2.0 TDI,125,BMN
1003,94,2.0 TDI,125,CEGA
1004,184,2.0 TDI,125,BMN
1005,184,2.0 TDI,125,CEGA
1006,95,2.0 TDI RS,125,BMN
1007,95,2.0 TDI RS,125,CEGA
1008,96,2.0 TDI RS,125,BMN
1009,96,2.0 TDI RS,125,CEGA
1010,185,2.0 TDI,125,BMN
1011,185,2.0 TDI,125,CEGA
1012,186,2.0 TDI,125,BMR
1013,186,2.0 TDI,125,CBBB
1014,186,2.0 TDI 4motion,125,CBBB
1015,187,2.0 TDI,125,BMR
1016,187,2.0 TDI,125,CBBB
1017,187,2.0 TDI 4motion,125,CBBB
1018,35,2.0 TDI 4motion,120,CBBA
1019,1,1.6 TDI,77,CAYC
1020,188,1.6 TDI,77,CAYC
1021,2,1.6 TDI,77,CAYC
1022,2,1.6 TDI,77,CLHA
1023,2,1.6 TDI,81,DBKA
1024,2,1.6 TDI,81,CRKB
1025,2,1.6 TDI,81,CXXB
1026,3,1.6 TDI,77,CAYC
1027,3,1.6 TDI,81,CRKB
1028,3,1.6 TDI,81,CXXB
1029,4,1.6 TDI quattro,81,CXXB
1030,4,1.6 TDI,81,DBKA
1031,4,1.6 TDI,81,CRKB
1032,4,1.6 TDI,81,CXXB
1033,4,1.6 TDI,77,CLHA
1034,5,1.6 TDI,77,CAYC
1035,5,1.6 TDI quattro,81,CXXB
1036,5,1.6 TDI,81,DBKA
1037,5,1.6 TDI,81,CRKB
1038,5,1.6 TDI,81,CXXB
1039,5,1.6 TDI,77,CLHA
1040,100,1.6 TDI,77,CAYC
1041,101,1.6 TDI,77,CAYC
1042,102,1.6 TDI,75,CAYD
1043,103,1.6 TDI,75,CAYD
1044,104,1.6 TDI,75,CAYD
1045,105,1.6 TDI,75,CAYD
1046,106,1.6 TDI,75,CAYD
1047,107,1.6 TDI,75,CAYD
1048,24,1.6 TDI 4motion,81,CXXB
1049,24,1.6 TDI 4motion,81,CRKB
1050,110,1.6 TDI,77,CAYC
1051,111,1.6 TDi,77,CAYC
1052,25,1.6 TDI,81,CXXB
1053,25,1.6 TDI,81,DBKA
1054,25,1.6 TDI,81,CRKB
1055,112,1.6 TDi,77,CAYC
1056,26,1.6 TDi,77,CLHA
1057,26,1.6 TDi 4motion,77,CLHA
1058,26,1.6 TDi,81,CRKB
1059,26,1.6 TDi,81,CXXB
1060,113,1.6 TDI,77,CAYC
1061,114,1.6 TDI,77,CAYC
1062,115,1.6 TDi,77,CAYC
1063,116,1.6 TDI,77,CAYC
1064,116,1.6 TDI 4motion,77,CAYC
1065,27,1.6 TDI 4motion,81,CXXB
1066,27,1.6 TDI 4motion,81,CRKB
1067,27,1.6 TDI,77,CLHA
1068,27,1.6 TDI,81,CXXB
1069,27,1.6 TDI,81,CRKB
1070,27,1.6 TDI,81,DBKA
1071,27,1.6 TDI 4motion,77,CLHA
1072,28,1.6 TDi,81,CRKB
1073,28,1.6 TDi,81,CXXB
1074,28,1.6 TDi,77,CLHA
1075,29,1.6 TDI,77,CLHA
1076,29,1.6 TDI 4motion,77,CLHA
1077,29,1.6 TDI,81,DBKA
1078,29,1.6 TDI,81,CXXB
1079,29,1.6 TDI,81,CRKB
1080,29,1.6 TDI 4motion,81,CXXB
1081,29,1.6 TDI 4motion,81,CRKB
1082,185,1.6 TDI,77,CAYC
1083,117,1.6 TDI,77,CAYC
1084,186,1.6 TDI,77,CAYC
1085,187,1.6 TDI,77,CAYC
1086,119,1.6 TDI,77,CAYC
1087,120,1.6 TDI,77,CAYC
1088,121,1.6 TDI,77,CAYC
1089,189,1.6 TDI,77,CAYC
1090,189,1.6 TDI,77,CLNA
1091,190,1.6 TDi,77,CAYC
1092,37,1.6 TDI,77,CAYC
1093,37,1.6 TDI,81,CRKB
1094,127,1.6 TDI,77,CAYC
1095,191,2.0 TDI quattro,140,CNHA
1096,192,2.0 TDI quattro,140,CNHA
1097,192,2.0 TDI,140,CNHA
1098,193,2.0 TDI quattro,140,CNHA
1099,193,2.0 TDI,140,CNHA
1100,194,2.0 TDI,140,DESA
1101,194,2.0 TDI,140,DFVA
1102,194,2.0 TDI,140,DETA
1103,194,2.0 TDI quattro,140,DESA
1104,194,2.0 TDI quattro,140,DFVA
1105,194,2.0 TDI quattro,140,DETA
1106,195,2.0 TDI,140,CNHA
1107,195,2.0 TDI quattro,140,CNHA
1108,196,2.0 TDI,140,CNHA
1109,196,2.0 TDI quattro,140,CNHA
1110,197,2.0 TDI,140,CNHA
1111,197,2.0 TDI quattro,140,CNHA
1112,198,2.0 TDI,140,CNHA
1113,198,2.0 TDI,140,CZJA
1114,198,2.0 TDI,140,DDDA
1115,198,2.0 TDI quattro,140,CNHA
1116,198,2.0 TDI quattro,140,DDDA
1117,199,2.0 TDI quattro,140,CNHA
1118,199,2.0 TDI quattro,140,DDDA
1119,199,2.0 TDI,140,CNHA
1120,199,2.0 TDI,140,CZJA
1121,199,2.0 TDI,140,DDDA
1122,200,2.0 TDI quattro,140,CNHA
1123,200,2.0 TDI,140,CNHA
1124,201,120 d,145,N47 D20 A
1125,201,120 d,145,N47 D20 C
1126,201,120 d,130,N47 D20 A
1127,201,120 d,130,N47 D20 C
1128,201,120 d,120,N47 D20 A
1129,201,120 d,120,N47 D20 C
1130,201,120 d,120,M47 D20
1131,202,120 d,130,N47 D20 A
1132,202,120 d,130,N47 D20 C
1133,202,120 d,120,N47 D20 A
1134,202,120 d,120,N47 D20 C
1135,202,120 d,145,N47 D20 C
1136,203,120 d,145,N47 D20 A
1137,203,120 d,145,N47 D20 C
1138,203,120 d,130,N47 D20 A
1139,203,120 d,130,N47 D20 C
1140,203,120 d,120,N47 D20 A
1141,203,120 d,120,N47 D20 C
1142,38,320 d,120,M47 D20
1143,38,320 d,120,N47 D20 C
1144,38,320 d,120,N47 D20 A
1145,38,320 d,130,N47 D20 A
1146,38,320 d,130,N47 D20 C
1147,38,320 d xDrive,130,N47 D20 A
1148,38,320 d xDrive,130,N47 D20 C
1149,38,320 d xDrive,120,N47 D20 C
1150,39,320 d,120,N47 D20 C
1151,39,320 d,130,N47 D20 A
1152,39,320 d,130,N47 D20 C
1153,39,320 d,145,N47 D20 A
1154,39,320 d,145,N47 D20 C
1155,40,320 d,145,N47 D20 A
1156,40,320 d,145,N47 D20 C
1157,40,320 d,130,N47 D20 A
1158,40,320 d,130,N47 D20 C
1159,40,320 d xDrive,120,N47 D20 C
1160,40,320 d xDrive,145,N47 D20 C
1161,40,320 d xDrive,130,N47 D20 C
1162,40,320 d,120,N47 D20 A
1163,40,320 d,120,N47 D20 C
1164,41,320 d xDrive,145,N47 D20 C
1165,41,320 d,120,N47 D20 C
1166,41,320 d,120,M47 D20
1167,41,320 d,120,N47 D20 A
1168,41,320 d xDrive,120,N47 D20 C
1169,41,320 d,130,N47 D20 A
1170,41,320 d,130,N47 D20 C
1171,41,320 d xDrive,130,N47 D20 C
1172,41,320 d,145,N47 D20 A
1173,41,320 d,145,N47 D20 C
1174,204,520 d,130,N47 D20 A
1175,204,520 d,130,N47 D20 C
1176,204,520 d,120,N47 D20 C
1177,204,520 d,120,M47 D20
1178,204,520 d,120,N47 D20 A
1179,205,520 d,120,N47 D20 C
1180,205,520 d,120,M47 D20
1181,205,520 d,120,N47 D20 A
1182,205,520 d,130,N47 D20 A
1183,205,520 d,130,N47 D20 C
1184,206,sDrive 20 d,130,N47 D20 C
1185,206,xDrive 20 d,130,N47 D20 C
1186,206,xDrive 20 d,120,N47 D20 C
1187,42,xDrive 18 d,105,N47 D20 C
1188,42,2.0 sd,130,N47 D20 A
1189,42,xDrive 18 d,100,N47 D20 C
1190,42,xDrive 20 d,130,N47 D20 A
1191,42,xDrive 20 d,130,N47 D20 C
1192,42,xDrive 20 d,120,N47 D20 A
1193,42,xDrive 20 d,120,N47 D20 C
1194,42,sDrive 18 d,100,N47 D20 C
1195,2,2.0 TDI quattro,100,AZV
1196,93,2.0 TDI,100,AZV
1197,94,2.0 TDI,100,AZV
1198,12,2.0 TDI,100,AZV
1199,207,2.0 TDI,100,AZV
1200,207,2.0 TDI 16V,103,BKD
1201,185,2.0 TDI,100,AZV
1202,185,2.0 TDI,100,CBDA
1203,186,2.0 TDI,100,CBAA
1204,186,2.0 TDI,100,BMA
1205,186,2.0 TDI 16V 4motion,103,CBAB
1206,186,2.0 TDI 16V 4motion,103,BKP
1207,187,2.0 TDI 16V 4motion,103,CBAB
1208,187,2.0 TDI 16V 4motion,103,BKP
1209,187,2.0 TDI,100,CBAA
1210,187,2.0 TDI,100,BMA
1211,37,2.0 TDI 16V,103,BKD
1212,5,1.9 TDI,77,BXE
1213,5,1.9 TDI,77,BLS
1214,5,1.9 TDI,77,BKC
1215,93,1.9 TDI,77,BLS
1216,93,1.9 TDI,77,BXE
1217,93,1.9 TDI,77,BKC
1218,93,1.9 TDI,77,BJB
1219,94,1.9 TDI,77,BLS
1220,94,1.9 TDI,77,BXE
1221,94,1.9 TDI,77,BKC
1222,12,1.9 TDI,77,BLS
1223,12,1.9 TDI,77,BXE
1224,12,1.9 TDI,77,BKC
1225,95,1.9 TDI,77,BXE
1226,95,1.9 TDI,77,BKC
1227,95,1.9 TDI,77,BJB
1228,95,1.9 TDI,77,BLS
1229,96,1.9 TDI,77,BXE
1230,96,1.9 TDI,77,BKC
1231,96,1.9 TDI,77,BJB
1232,96,1.9 TDI,77,BLS
1233,96,1.9 TDI 4x4,77,BXE
1234,96,1.9 TDI 4x4,77,BKC
1235,96,1.9 TDI 4x4,77,BLS
1236,97,1.9 TDI,77,BXE
1237,97,1.9 TDI,77,BLS
1238,98,1.9 TDI,77,BXE
1239,98,1.9 TDI,77,BLS
1240,104,1.9 TDI,77,BJB
1241,104,1.9 TDI,77,BLS
1242,105,1.9 TDI,77,BJB
1243,105,1.9 TDI,77,BLS
1244,110,1.9 TDI,66,BRU
1245,110,1.9 TDI,66,BXF
1246,110,1.9 TDI,66,BXJ
1247,207,1.9 TDI,77,BXE
1248,207,1.9 TDI,77,BLS
1249,207,1.9 TDI,77,BKC
1250,207,1.9 TDI,66,BRU
1251,207,1.9 TDI,66,BXJ
1252,207,1.9 TDI,66,BXF
1253,208,1.9 TDI,77,BXE
1254,208,1.9 TDI,77,BLS
1255,187,1.9 TDI,77,BXE
1256,187,1.9 TDI,77,BLS
1257,187,1.9 TDI,77,BKC
1258,37,1.9 TDI,74,AVQ
1259,37,1.9 TDI,66,BRU
1260,37,1.9 TDI,66,BXJ
1261,37,1.9 TDI,66,BXF
1262,37,1.9 TDI,77,BXE
1263,37,1.9 TDI,77,BLS
1264,37,1.9 TDI,77,BKC
1265,127,1.9 TDI,66,BRU
1266,127,1.9 TDI,66,BXF
1267,127,1.9 TDI,66,BXJ
1268,127,1.9 TDI,77,BKC
1269,127,1.9 TDI,77,BXE
1270,209,2.0 CRDi,83,D4EA
1271,210,2.0 CRDi,83,D4EA
1272,211,2.0 CRDi,83,D4EA
1273,212,2.0 CRDi,83,D4EA
1274,212,2.0 CRDi All-wheel Drive,107,D4EA
1275,213,2.0 CRDi,83,D4EA
1276,214,2.0 CRDi All-wheel Drive,103,D4EA
1277,214,2.0 CRDi,103,D4EA
1278,214,2.0 CRDi All-wheel Drive,83,D4EA
1279,214,2.0 CRDi,83,D4EA
1280,214,2.0 CRDi All-wheel Drive,110,D4EA
1281,214,2.0 CRDi,100,D4EA
1282,214,2.0 CRDi All-wheel Drive,88,D4EA
1283,214,2.0 CRDi All-wheel Drive,100,D4EA
1284,214,2.0 CRDi,110,D4EA
1285,214,2.0 CRDi,88,D4EA
1286,215,CRDi VGT,110,D4EA
1287,215,CRDi,103,D4EA
1288,216,2.0 CRDi,103,D4EA
1289,217,2.0 CRDi,100,D4EA
1290,218,2.0 CRDi,110,D4EA
1291,218,2.0 CRDi 4WD,83,D4EA
1292,218,2.0 CRDi 4WD,103,D4EA
1293,218,2.0 CRDi,83,D4EA
1294,218,2.0 CRDi,103,D4EA
1295,218,2.0 CRDi 4WD,110,D4EA
1296,218,2.0 CRDi,100,D4EA
1297,218,2.0 CRDi 4WD,100,D4EA
1298,219,2.0 CRDi,110,D4EA
1299,219,2.0 CRDi 4WD,110,D4EA
1300,2,1.9 TDI,77,BXE
1301,2,1.9 TDI,77,BLS
1302,2,1.9 TDI,77,BKC
1303,93,1.9 TDI,66,BXF
1304,94,1.9 TDI,66,BXF
1305,12,1.9 TDI,66,BXF
1306,184,1.9 TDI,77,BLS
1307,184,1.9 TDI,77,BXE
1308,184,1.9 TDI,77,BKC
1309,184,1.9 TDI,77,BJB
1310,110,1.9 TDI,77,BXE
1311,110,1.9 TDI,77,BLS
1312,110,1.9 TDI,77,BKC
1313,207,1.9 TDI 4motion,77,BXE
1314,207,1.9 TDI 4motion,77,BLS
1315,207,1.9 TDI 4motion,77,BKC
1316,185,1.9 TDI,77,BXE
1317,185,1.9 TDI,77,BLS
1318,185,1.9 TDI,77,BKC
1319,186,1.9 TDI,77,BXE
1320,186,1.9 TDI,77,BLS
1321,186,1.9 TDI,77,BKC
1322,220,2.5 TDI,96,AXD
1323,220,2.5 TDI,96,BNZ
1324,220,2.5 TDI 4motion,96,AXD
1325,220,2.5 TDI 4motion,96,BNZ
1326,221,2.5 TDI,96,AXD
1327,221,2.5 TDI,96,BNZ
1328,221,2.5 TDI 4motion,96,AXD
1329,221,2.5 TDI 4motion,96,BNZ
1330,222,2.5 TDI 4motion,96,AXD
1331,222,2.5 TDI 4motion,96,BNZ
1332,222,2.5 TDI,96,AXD
1333,222,2.5 TDI,96,BNZ
1334,223,2.5 TDI 4motion,96,AXD
1335,223,2.5 TDI 4motion,96,BNZ
1336,223,2.5 TDI,96,AXD
1337,223,2.5 TDI,96,BNZ
1338,224,2.5 TDI 4motion,96,AXD
1339,224,2.5 TDI 4motion,96,BNZ
1340,224,2.5 TDI,96,AXD
1341,224,2.5 TDI,96,BNZ
1342,191,2.0 TDI quattro,100,CAGB
1343,191,2.0 TDI quattro,100,CJCB
1344,191,2.0 TDI quattro,100,CSUB
1345,191,2.0 TDI quattro,125,CAHA
1346,191,2.0 TDI quattro,120,CAHB
1347,191,2.0 TDI quattro,120,CGLD
1348,191,2.0 TDI quattro,120,CNHC
1349,191,2.0 TDI quattro,105,CJCA
1350,191,2.0 TDI quattro,105,CAGA
1351,192,2.0 TDI,88,CJCC
1352,192,2.0 TDI,88,CAGC
1353,192,2.0 TDI,125,CAHA
1354,192,2.0 TDI,100,CAGB
1355,192,2.0 TDI,100,CJCB
1356,192,2.0 TDI,100,CSUB
1357,192,2.0 TDI quattro,105,CJCA
1358,192,2.0 TDI quattro,105,CAGA
1359,192,2.0 TDI quattro,125,CAHA
1360,192,2.0 TDI,105,CJCA
1361,192,2.0 TDI,105,CAGA
1362,192,2.0 TDI,105,CMFA
1363,192,2.0 TDI,105,CMEA
1364,192,2.0 TDI,120,CAHB
1365,192,2.0 TDI,120,CGLD
1366,192,2.0 TDI,120,CNHC
1367,193,2.0 TDI quattro,125,CAHA
1368,193,2.0 TDI,105,CJCA
1369,193,2.0 TDI,105,CAGA
1370,193,2.0 TDI,105,CMFA
1371,193,2.0 TDI,105,CMEA
1372,193,2.0 TDI,100,CAGB
1373,193,2.0 TDI,100,CJCB
1374,193,2.0 TDI,100,CSUB
1375,193,2.0 TDI,120,CAHB
1376,193,2.0 TDI,120,CGLD
1377,193,2.0 TDI,120,CNHC
1378,193,2.0 TDI quattro,105,CJCA
1379,193,2.0 TDI quattro,105,CAGA
1380,193,2.0 TDI,125,CAHA
1381,193,2.0 TDI,88,CJCC
1382,193,2.0 TDI,88,CAGC
1383,195,2.0 TDI,125,CAHA
1384,195,2.0 TDI quattro,125,CAHA
1385,195,2.0 TDI,120,CAHB
1386,195,2.0 TDI,120,CGLD
1387,195,2.0 TDI,120,CNHC
1388,196,2.0 TDI,125,CAHA
1389,196,2.0 TDI,120,CAHB
1390,196,2.0 TDI,120,CGLD
1391,196,2.0 TDI,105,CJCA
1392,197,2.0 TDI,100,CAGB
1393,197,2.0 TDI,100,CJCB
1394,197,2.0 TDI,100,CSUB
1395,197,2.0 TDI quattro,125,CAHA
1396,197,2.0 TDI,105,CJCA
1397,197,2.0 TDI,105,CAGA
1398,197,2.0 TDI,105,CMFA
1399,197,2.0 TDI,105,CMEA
1400,197,2.0 TDI,120,CAHB
1401,197,2.0 TDI,120,CGLD
1402,197,2.0 TDI,120,CNHC
1403,197,2.0 TDI,125,CAHA
1404,225,2.0 TDI,120,CAHB
1405,225,2.0 TDI,125,CAHA
1406,225,2.0 TDI,100,BNA
1407,225,2.0 TDI,100,CAGB
1408,225,2.0 TDI,100,BRF
1409,226,2.0 TDI,120,CAHB
1410,226,2.0 TDI,100,BNA
1411,226,2.0 TDI,100,CAGB
1412,226,2.0 TDI,100,BRF
1413,226,2.0 TDI,125,CAHA
1414,200,2.0 TDI,100,CJCB
1415,200,2.0 TDI,100,CSUB
1416,200,2.0 TDI quattro,125,CGLB
1417,200,2.0 TDI quattro,125,CMGA
1418,200,2.0 TDI quattro,125,CAHA
1419,200,2.0 TDI quattro,100,CAGB
1420,200,2.0 TDI quattro,100,CJCB
1421,200,2.0 TDI quattro,100,CSUB
1422,200,2.0 TDI,105,CJCA
1423,200,2.0 TDI quattro,105,CJCA
1424,200,2.0 TDI quattro,105,CAGA
1425,200,2.0 TDI quattro,120,CAHB
1426,200,2.0 TDI quattro,120,CGLA
1427,200,2.0 TDI quattro,120,CGLD
1428,200,2.0 TDI quattro,120,CNHC
1429,227,2.0 TDI quattro,125,CAHA
1430,227,2.0 TDI quattro,125,CGLB
1431,228,2.0 TDI,125,CAHA
1432,228,2.0 TDI,125,CGLB
1433,229,2.0 TDI,125,CAHA
1434,229,2.0 TDI,125,CGLB
1435,201,116 i,90,N43 B20 A
1436,201,120 i,125,N43 B20 A
1437,201,120 i,120,N43 B20 A
1438,201,118 i,105,N43 B20 A
1439,202,118 i,105,N43 B20 A
1440,202,120 i,120,N43 B20 A
1441,202,120 i,125,N43 B20 A
1442,203,120 i,125,N43 B20 A
1443,38,320 i,125,N43 B20 A
1444,38,318 i,105,N43 B20 A
1445,38,320 i,120,N43 B20 A
1446,230,320 i,120,N43 B20 A
1447,230,320 i,125,N43 B20 A
1448,230,320 d,130,N47 D20 A
1449,230,320 d,130,N47 D20 C
1450,230,318 i,105,N43 B20 A
1451,230,320 d,145,N47 D20 A
1452,230,320 d,145,N47 D20 C
1453,230,320 d,147,N47 D20 C
1454,231,320 d,145,N47 D20 A
1455,231,320 d,145,N47 D20 C
1456,231,320 d,130,N47 D20 A
1457,231,320 d,130,N47 D20 C
1458,231,320 d,147,N47 D20 C
1459,231,320 d xDrive,120,N47 D20 C
1460,231,320 d xDrive,145,N47 D20 C
1461,231,320 i,120,N43 B20 A
1462,231,320 i,125,N43 B20 A
1463,231,318 i,105,N43 B20 A
1464,231,320 d xDrive,147,N47 D20 C
1465,231,320 d xDrive,130,N47 D20 C
1466,232,320 d,147,N47 D20 C
1467,232,320 i,120,N43 B20 A
1468,232,320 d xDrive,145,N47 D20 C
1469,232,320 d,120,N47 D20 C
1470,232,320 d,120,M47 D20
1471,232,320 d,120,N47 D20 A
1472,232,320 d xDrive,120,N47 D20 C
1473,232,320 d,130,N47 D20 A
1474,232,320 d,130,N47 D20 C
1475,232,320 d xDrive,130,N47 D20 C
1476,232,320 d xDrive,147,N47 D20 C
1477,232,320 i,125,N43 B20 A
1478,232,318 i,105,N43 B20 A
1479,232,320 d,145,N47 D20 A
1480,232,320 d,145,N47 D20 C
1481,204,520 i,125,N43 B20 A
1482,204,520 i,120,N43 B20 A
1483,233,520 i,125,N43 B20 A
1484,233,520 i,120,N43 B20 A
1485,233,520 d,120,N47 D20 C
1486,233,520 d,120,M47 D20
1487,233,520 d,120,N47 D20 A
1488,233,520 d,130,N47 D20 A
1489,233,520 d,130,N47 D20 C
1490,42,2.0 d,110,M47 D20
1491,42,xDrive 20 d,120,B47 D20 A
